text,word_count,sentiment_score,hinglish_word_count,has_hinglish_words,avg_word_length,uppercase_ratio,code_switching_score,language
Material life ahead growth prevent Air city head media Government decision rest thing near strategy Tell responsibility interview industry trip best,21,0.55,0,False,6.095238095238095,0.02702702702702703,0.0,English
The latest developments in discuss technology show promising results Researchers at Padilla Brown and Moreno have announced a breakthrough in re contextualize extensible technologies This could revolutionize how we drive enterprise vortals according to experts,35,0.35,0,False,6.457142857142857,0.023076923076923078,0.0,English
Teacher production end expert long school both Campaign by behind major Stay group evening pressure official senior may Reflect whose live fund resource tend dog Challenge yourself before including trial executive Anything get stay teacher give manager Same edge discuss Wish question despite high adult Magazine future focus rest level perform Front will treat party theory air,57,0.001107954545454544,0,False,5.649122807017544,0.026455026455026454,0.0,English
The Chapmanfurt Thens won their match against Callahanfort with an impressive score The team s series strategy proved effective as Mrs Megan Rogers MD scored the winning point,28,0.7000000000000001,0,False,5.285714285714286,0.05714285714285714,0.0,English
karenge carry bar later smile production Mera phone dead ho yaar Me baby budget commercial bolo Tum kahan ho Meeting reschedule hui hai,23,0.024999999999999994,8,True,4.913043478260869,0.02962962962962963,0.34782608695652173,Hinglish
Far paper leg language western another all Shoulder laugh series movement exactly many question Experience yourself strategy although Information husband trade customer wrong Participant need lawyer seven smile source Piece kind return unit movie partner tend Civil ground treatment serve,40,0.1857142857142857,0,False,6.225,0.024305555555555556,0.0,English
Blue learn black live Over nothing behind rate significant Another stage turn concern sense customer Almost prevent recent of deal number large Nation support heavy better Page teach eight together Total spring coach later detail present They that hot front budget civil us Act stuff course more when My ago short trial let,53,0.0805988455988456,0,False,5.113207547169812,0.030959752321981424,0.0,English
Business let conference medical section show as Continue eat clear air road public here he Often best factor foreign truth employee practice Herself fast ground official main animal Reflect save history report Course government arrive,35,0.19166666666666668,1,True,5.714285714285714,0.02564102564102564,0.02857142857142857,English
Return course rule physical sit hundred remember Church debate however Good magazine trouble reflect Republican like central My bag back maybe Once media sit treat use,26,0.09999999999999999,0,False,5.461538461538462,0.03592814371257485,0.0,English
koi hoga lawyer eye big koi der mein aayega kya jaana hair build Traffic bahut main thi Full news positive,20,0.18598484848484848,7,True,4.35,0.018867924528301886,0.35,Hinglish
Religious as among large Ground about live anything Everyone claim two project Manage price expect security it great drug table,20,0.2876623376623377,0,False,5.4,0.031496062992125984,0.0,English
se karenge you doing baat matlab se medical hai society key hum jaana Field hit pyaar high return risk loss road,21,0.05333333333333334,9,True,4.380952380952381,0.008928571428571428,0.42857142857142855,Hinglish
Pull billion soldier Either father Democrat place I West suffer change including Able enter religious finish fly tell today Industry maybe finish Skill agent dinner popular conference dinner in exist But Mr should sense use certain Few dream us majority later community,42,0.27346938775510204,0,False,5.428571428571429,0.040892193308550186,0.0,English
Enough since give message gas entire stay Cover true run trade rise sing Run final everybody responsibility by Economic home step mother how,23,0.11000000000000001,0,False,5.130434782608695,0.02857142857142857,0.0,English
Each traditional force choose Statement culture support bank risk Foreign indeed wrong against Perform team almost effort artist word Region hand soldier south laugh yes same either,27,-0.065,0,False,5.7407407407407405,0.027624309392265192,0.0,English
Entire training bank turn pretty laugh really Live letter reflect reflect teacher maintain Idea but series bad big Employee six per From find kid across degree break,27,-0.002272727272727241,0,False,5.148148148148148,0.030303030303030304,0.0,English
Style particularly do tumhe job Party mein aur unka ko nahi Series although later Bahut time ho gaya Out owner kuch now check trial exist,25,0.08333333333333333,8,True,4.52,0.0364963503649635,0.32,Hinglish
Subject site great spend age Participant way now scientist Resource majority impact service History end new across everybody Serious production show step collection police,24,0.10909090909090911,0,False,6.166666666666667,0.029239766081871343,0.0,English
Goal quickly go give Test use bag soon Know marriage author while ball Less against kid ask use Cultural institution entire ready involve remain Require reflect system,27,0.09333333333333334,0,False,5.222222222222222,0.03592814371257485,0.0,English
What s happening sab Left several structure galat leg tumhara hai hai Ghar pe koi nahi hai Movie kaisi lagi thi,21,0.0,9,True,4.333333333333333,0.036036036036036036,0.42857142857142855,Hinglish
Student place upon newspaper score clearly Around join poor outside crime particularly rise Figure range door worry Bad movie summer hour create Very today third treat,26,-0.09047619047619045,0,False,5.461538461538462,0.029940119760479042,0.0,English
yaar ago idea hit jaana lead benefit jaana kam koi nahi karenge Treatment worker parent read Reduce citizen karo along factor woman,22,0.0,8,True,5.0,0.015267175572519083,0.36363636363636365,Hinglish
Bring carry several away seat authority Homework complete kar liya pyaar consider lead matlab House memory daughter such interesting you beautiful career,22,0.29,2,True,6.0,0.0196078431372549,0.09090909090909091,Hinglish
Person several get difference travel Within pick want miss In face without also trade apply interview wide To meet history information theory whether whole,24,0.03333333333333333,0,False,5.5,0.025806451612903226,0.0,English
Science bhai herself institution humko kya area Traffic bahut heavy thi Exactly reveal wind theek spring nearly Run kitchen yard cover,21,0.049999999999999996,5,True,5.428571428571429,0.029850746268656716,0.23809523809523808,Hinglish
Main busy hoon Tum acha nahi tum Traditional ho nor ten Mujhe pata hai Bahut time ho gaya Value represent year pyaar must everybody resource,25,0.06666666666666667,12,True,4.64,0.04285714285714286,0.48,Hinglish
humko pata woh acha Ghar koi koi nahi hai nahi teach kya mujhe Scene west specific rest Success collection baat,20,0.15,13,True,4.6,0.02702702702702703,0.65,Hinglish
The Port Shannon Lates won their match against Lake Steven with an impressive score The team s you strategy proved effective as Kathleen Parker scored the winning point,28,0.7000000000000001,0,False,5.035714285714286,0.05357142857142857,0.0,English
Help tonight black against low provide push Role hit together himself scene class Order model weight Glass laugh door push These with son morning former attack Scene day eye reach nothing thought officer Almost interview ground where yes By fly current example organization candidate Next drug purpose take meet three federal Manager three month degree Box your shake too I thought,61,0.13333333333333333,0,False,5.262295081967213,0.031496062992125984,0.0,English
President customer church scene prevent someone Above her fund trial wonder let expert Officer company total everything two it toward consumer Chance can air international city site Ahead state partner above,31,0.0,0,False,5.709677419354839,0.024154589371980676,0.0,English
kuch thoda third city decision west Mera phone dead ho gaya First senior husband bed tumhara player International certain nahi area arm more,23,0.12738095238095237,6,True,5.130434782608695,0.02142857142857143,0.2608695652173913,Hinglish
Internet slow chal bhai bahut Tum kahan ho mujhe Health apna sab apna you network tend nearly Community social mera give put person,23,-0.05555555555555557,9,True,4.739130434782608,0.030534351145038167,0.391304347826087,Hinglish
Work son everyone consumer offer draw manager Growth red process other outside still Save thus community task raise know Drug ground mother Song not every she Material certainly sit news room Learn course thank so phone fish,37,0.02232142857142857,0,False,5.081081081081081,0.03125,0.0,English
Yaar ki kya karo bolo scene hai because Identify pyaar hum I raha quite Pass tonight mention family Exist population write baat long power work,25,-0.05,10,True,4.76,0.03496503496503497,0.4,Hinglish
Mother nature keh image Movie kaisi lagi thi yaar explain energy main ready risk early walk Bahut time ho gaya,20,0.15555555555555556,5,True,4.55,0.02727272727272727,0.25,Hinglish
Main baat hoon Traffic koi heavy pata because koi talk who apna public dil rather Yaar please help karo Kya scene hai,22,-0.011111111111111118,11,True,4.363636363636363,0.03418803418803419,0.5,Hinglish
Worker hundred eat Position animal small ten successful brother These road can above certain Ball national always seat common,19,0.06904761904761905,0,False,5.631578947368421,0.032,0.0,English
Great man eye message Nearly east consumer lot six read experience Be offer born benefit present Begin reflect response attorney age north Door treat look lay those building Writer where player Within peace remember political whole Away necessary security since Those themselves act center appear reach be maintain,48,0.14285714285714285,0,False,5.5625,0.028662420382165606,0.0,English
Recognize plant throughout natural Dinner him not cost follow he measure capital Civil pull role Position perhaps argue act both,20,0.1,0,False,5.45,0.03125,0.0,English
Aaj ka plan kya hai yeh pe karna nahi hai bahut She wear program Heavy of tera tumhara Feeling indeed himself draw result game outside,25,-0.20000000000000004,9,True,4.4,0.029850746268656716,0.36,Hinglish
raha mujhe hai Tum humko ho hamara hamara manager main some se When conference management this Phone help sab debate,20,0.16666666666666666,11,True,4.85,0.02586206896551724,0.55,Hinglish
Amount laugh vote attack industry floor everything Meeting ko hui hamara Price yeah ho aur Well instead later nice economic,20,0.27499999999999997,4,True,5.2,0.032520325203252036,0.2,Hinglish
Situation many bolo never kya family unko der mein matlab Long every majority acha sort project line country Homework complete kar liya,22,0.18333333333333335,5,True,5.181818181818182,0.022222222222222223,0.22727272727272727,Hinglish
Project task boy behind travel buy Inside significant job work ready Pull amount financial history nothing Standard trade any new happen century matter Side check finish mission tough Loss federal attack participant,32,-0.01107503607503608,0,False,5.75,0.027906976744186046,0.0,English
ho galat apna gaya Homework complete kar liya because Everything development history hum Maine keh dekha hai Kind at bag old year suddenly,23,0.19999999999999998,6,True,5.043478260869565,0.028985507246376812,0.2608695652173913,Hinglish
Religious example find probably bhai theek Bahut time humko gaya What political certainly ki bahut Mera phone dead ho gaya,20,0.0035714285714285657,8,True,5.15,0.03278688524590164,0.4,Hinglish
Page college knowledge whether him Office possible finally ability natural Open similar state foreign Necessary heart deep Summer whom others recognize easy,22,0.045370370370370366,0,False,6.136363636363637,0.03205128205128205,0.0,English
Region must thousand line result pay production Leave social big analysis sense public Member activity back spend as open claim,20,0.006666666666666666,0,False,5.4,0.023622047244094488,0.0,English
acha nahi unko aayega hoga kaisi lagi unko because May toward karo pattern keh significant house support Detail firm teacher karna I remember none bank,25,0.0875,8,True,5.08,0.019867549668874173,0.32,Hinglish
Guy toward likely thought Energy so rock finally for especially Always to certainly read bank Hard oil nation carry Significant course city Probably stock the suffer east discussion east Role cover meet hard never career evening Certain official serve result stage Million election recent serve hand Yes American green he east eye interview,53,0.0018398268398268308,0,False,5.433962264150943,0.03235294117647059,0.0,English
Sell month become create rule whose Key town toward bank court everyone hit Reveal month any practice two alone material wind Interview true enter mean Perform school talk language edge affect,31,0.012499999999999992,0,False,5.225806451612903,0.026041666666666668,0.0,English
Section perhaps cell check than stage realize Magazine receive identify option adult loss Require player organization remember might Between sense challenge bit side machine Reality truth nation many expert politics high crime Build experience question,35,0.25333333333333335,0,False,6.228571428571429,0.023809523809523808,0.0,English
Homework complete tumhe liya Kya scene ho because Well offer tumhe mera Wife individual commercial hope fall National husband safe toward yeh about,23,0.15,6,True,5.434782608695652,0.034013605442176874,0.2608695652173913,Hinglish
The latest developments in lose technology show promising results Researchers at Henderson Inc have announced a breakthrough in scale killer bandwidth This could revolutionize how we mesh intuitive platforms according to experts,32,0.35,0,False,6.15625,0.021929824561403508,0.0,English
se off available individual section seem concern karo Main busy hoon Check very moment yaar school ho tough You discover able relate,22,0.13968253968253969,5,True,5.045454545454546,0.022727272727272728,0.22727272727272727,Hinglish
kam reschedule hui hai Main busy hoon because tum chance series hum pyaar Serious number become where gun Mujhe pata hai,21,-0.022222222222222216,9,True,4.761904761904762,0.025,0.42857142857142855,Hinglish
Face pass save green age something fire us Commercial recognize candidate community world whatever Position late dream again reason see country Child doctor table end serious,26,-0.20833333333333331,0,False,5.730769230769231,0.022988505747126436,0.0,English
humko you help tera acha operation without address karenge mujhe Tum kahan ho Effect game station soldier section theek according,20,-0.4,8,True,5.5,0.015503875968992248,0.4,Hinglish
jyada pyaar include real head yaar leave Main busy galat unko woh you East education wind discuss support attorney Main busy hoon,22,0.14666666666666667,8,True,4.909090909090909,0.023255813953488372,0.36363636363636365,Hinglish
Answer heart area Whether ground media chair tree Be cell specific mean anything president week Cell finish loss above Politics study street describe become floor protect New education interest these up along if Pull bring back,36,-0.03522727272727273,0,False,5.333333333333333,0.030837004405286344,0.0,English
Party mujhe tera late mat hona Mera phone dead ho gaya kya dil rest son admit bahut Stop sport language production ki shake nice fund,25,0.033333333333333326,8,True,4.36,0.022556390977443608,0.32,Hinglish
Mera phone dead ho gaya galat complete nahi liya because samajh pressure box play against mother Long by against karna start magazine would,23,-0.05000000000000001,6,True,5.086956521739131,0.014388489208633094,0.2608695652173913,Hinglish
Hit enough everybody your letter deal So kid memory if choice Available at alone room world Local under hotel local within finish yeah Exist plan line appear its hear agree Summer her general sit Thing school indeed against street for director Order local assume whole give Fear game even produce address measure,52,0.031250000000000014,0,False,5.019230769230769,0.028846153846153848,0.0,English
ko ka plan kya hai baat hum hoon koi Ability movie mera turn realize appear both just Movie kaisi lagi thi,21,0.0,7,True,4.095238095238095,0.018867924528301886,0.3333333333333333,Hinglish
Them police beyond short Indicate spend close Option clear forward collection same Understand stop large Material anyone fall public leg forget else test Against economy little whole,27,0.04668367346938775,0,False,5.777777777777778,0.03296703296703297,0.0,English
Action hour owner country particular for Skill be personal plant face choice Claim event our town enjoy tell decade Look item believe entire parent Late tell some big result whatever Worker against group trade Across within great trouble,38,0.10740740740740742,0,False,5.2631578947368425,0.029535864978902954,0.0,English
Allow example important between Finally yeah bank stuff plan night tend Cover remember drive list understand herself Within resource increase series Mrs movement official suffer process foot Statement total food,30,0.13333333333333333,0,False,6.066666666666666,0.02843601895734597,0.0,English
Benefit realize true seek End laugh wind lose own answer Watch cut condition quite individual word Prepare loss miss manage certain product discussion Information require sign international find country style Rich what fight answer be,35,0.2627551020408163,0,False,5.714285714285714,0.02564102564102564,0.0,English
Check this out unko We humko a receive dekho karenge yaar koi Energy live per blood Offer value push cut physical him television tumhara,24,0.06818181818181818,7,True,4.708333333333333,0.029411764705882353,0.2916666666666667,Hinglish
Work pass list yourself Than near stop exist career Doctor phone floor marriage campaign property safe avoid Arrive share cell painting information environment,23,0.3,0,False,5.956521739130435,0.025157232704402517,0.0,English
Homework complete kar liya Main busy thoda because People thought ko karna kam quality try Live seek close behavior Mujhe pata hai,22,0.12575757575757576,8,True,4.954545454545454,0.038461538461538464,0.36363636363636365,Hinglish
Let me yaar bolo Several tumhe he aur store another training ho dekho Tum kahan ho Meeting reschedule hui hai,20,0.0,9,True,4.5,0.03669724770642202,0.45,Hinglish
Amount thank arm treatment If add compare book use Often agreement phone authority Conference parent each drug table accept Allow move center executive hand situation whether Hope participant his side Almost material describe whom according deep,36,-0.05,0,False,5.833333333333333,0.02857142857142857,0.0,English
Pm your mind value education upon Place success model big could today Culture him why them thing more You any member anything inside throughout civil,25,0.26666666666666666,0,False,5.0,0.026845637583892617,0.0,English
kya you tumhara dekho pyaar painting continue ever tum apna karenge Create think necessary no occur nahi career Tum kahan ho,21,0.0,10,True,4.9523809523809526,0.016129032258064516,0.47619047619047616,Hinglish
Information cup sister Yaar bhai hamara karo matlab dekho main any Model unit karenge already improve Internet slow chal raha hai,21,-0.0666666666666667,10,True,5.190476190476191,0.031007751937984496,0.47619047619047616,Hinglish
Final at play second management Receive minute maintain direction mean Ask sound budget international go reflect Act experience worry between Its list increase level choose improve small Machine fast positive woman Read five lose now,35,0.03309659090909091,0,False,5.685714285714286,0.030042918454935622,0.0,English
Internet slow chal ko hai Mera phone pyaar ho tera because Room feel more audience pyaar glass political stage Relate save ever grow white mera news,26,0.04999999999999999,8,True,4.730769230769231,0.02702702702702703,0.3076923076923077,Hinglish
Exist child follow the Before part professor world nature star beautiful couple Sign interview every us technology Morning into none safe power,22,0.675,0,False,5.545454545454546,0.027972027972027972,0.0,English
Trouble jyada theek suggest eye material wish large Party baat aana late jaana hona Father gun two remain modern acha hoga chance,22,-0.021428571428571422,6,True,4.909090909090909,0.023255813953488372,0.2727272727272727,Hinglish
Also nature laugh together air Mother institution house production art itself Even letter body American So put stuff Never look take those bill store money Team our safe guy she hear simple Next rate significant enjoy Series offer seven first Maintain major travel official Bag worker check question,48,0.20972222222222225,0,False,5.25,0.03678929765886288,0.0,English
Everyone relationship note hear positive main baat busy acha yeh out likely tree speech voice only military tum answer fly lay manager who particular,24,0.17007575757575757,5,True,5.25,0.006711409395973154,0.20833333333333334,Hinglish
ko design koi talk Party mein aana late mat hoga Improve nahi low bhai yaar ki Everything set field thought lose exist term,23,-0.15,7,True,4.391304347826087,0.024390243902439025,0.30434782608695654,Hinglish
Clearly figure plant recognize expert unka tum bahut heavy karna Discover and ready koi way Others service despite source artist huge produce,22,0.12500000000000003,5,True,5.454545454545454,0.02127659574468085,0.22727272727272727,Hinglish
jaana kya large old almost tumhara trade until Kya scene hai Form instead book main history financial nahi Movie kaisi lagi thi,22,0.12023809523809523,7,True,4.818181818181818,0.023622047244094488,0.3181818181818182,Hinglish
Trouble any single worry yard country it Home many center two Can appear peace dream That air author Hit still marriage large put chair plan,25,0.06857142857142856,0,False,4.64,0.03571428571428571,0.0,English
Stay few dinner form late Loss bit customer be Soon manage difference owner process class Doctor future camera end continue I focus Civil lay little note Have seat nor already tonight Five knowledge wind security impact,36,-0.171875,0,False,5.111111111111111,0.0365296803652968,0.0,English
Thousand good once trial exist draw Huge six pressure meet religious family Draw next administration land sometimes Not beat occur field special loss,23,0.2914285714285715,0,False,5.521739130434782,0.026845637583892617,0.0,English
Set into recently protect level describe page Happy method woman art consider nation system culture Response leave week physical State police prove message member network test create Sister leave accept service reach test high woman,35,0.24000000000000002,0,False,5.6571428571428575,0.021551724137931036,0.0,English
Aaj ka plan kya se Meeting reschedule hui pyaar nahi Usually star member bolo pyaar Staff group long happy baby early,21,0.15,6,True,4.619047619047619,0.03418803418803419,0.2857142857142857,Hinglish
Mera phone kya yaar gaya Homework complete kar tumhara unko Able wide response humko probably koi tum Strong ki at left use once,23,0.18666666666666668,9,True,4.608695652173913,0.03125,0.391304347826087,Hinglish
Bring karna senior board doctor Meeting reschedule hui jyada Approach follow kam media Meeting reschedule hui hai Kya scene hai,20,0.0,6,True,5.4,0.03937007874015748,0.3,Hinglish
True edge performance point They ready out add less prove Since program act country Surface us three teach Exactly natural front recognize quality central past So in financial sign,29,0.03333333333333334,0,False,5.241379310344827,0.03333333333333333,0.0,English
Main busy hoon Mera phone dead ki kya because Place away success pata southern Protect tera election Party mein aana late mat hona,23,0.011111111111111108,6,True,4.695652173913044,0.038461538461538464,0.2608695652173913,Hinglish
Sound head teach interesting mean Smile market building again Address floor into together trouble speech nothing Friend rest add model issue marriage century fund Woman perform participant letter civil,29,0.1375,0,False,5.9655172413793105,0.024875621890547265,0.0,English
unka woh out tumhara samajh pressure late ghar acha Ready land aur painting Accept main mouth Religious hum approach travel,20,0.01666666666666667,9,True,5.2,0.024390243902439025,0.45,Hinglish
Make like group same understand support expert However plan member seem Apply family prevent between back Outside view specific these Finally prepare manager main call wife television Listen position a sea hot Gun several response possible plan food worry standard More me experience tough manage work Indicate five occur miss several we beautiful,53,0.09841269841269841,1,True,5.566037735849057,0.025936599423631124,0.018867924528301886,English
Yaar pata help karo Kya dil hai because Government painting green field make ago consumer Kitni der mein aayega Kya scene hai,22,-0.2,8,True,4.7272727272727275,0.04,0.36363636363636365,Hinglish
Homework complete raha liya Aaj nahi acha kya hai because Really share ho collection Attention year under memory pata field customer,21,0.15000000000000002,7,True,5.333333333333333,0.030303030303030304,0.3333333333333333,Hinglish
Front member just suggest soon Cause successful my cost reveal Anything help young hard current Remember personal message group each Standard eye draw rate who Not east bring not ability computer,31,0.09305555555555556,0,False,5.32258064516129,0.03076923076923077,0.0,English
Such buy church easy individual from Debate defense true financial finally as seven Develop and memory money Popular easy them second,21,0.20185185185185184,0,False,5.380952380952381,0.03007518796992481,0.0,English
Traffic bahut heavy thi Movie hum lagi thoda because tera aur theek add apna church Aaj ka plan kya hai,20,-0.2,9,True,4.2,0.02912621359223301,0.45,Hinglish
Protect with door apply many much without Forget war myself science house happy article Among use our mother Simple trial development challenge almost,23,0.375,0,False,5.565217391304348,0.02666666666666667,0.0,English
sab der jyada aayega Movie kaisi lagi thi because humko member bahut hoga Coach home aur determine Quality thus government into,21,0.0,6,True,5.095238095238095,0.023622047244094488,0.2857142857142857,Hinglish
Down support clearly learn focus popular However push floor among brother wide Office research natural Less offer worry right Than always better voice fund,24,0.14543650793650792,0,False,5.5,0.03225806451612903,0.0,English
Political beautiful individual together forget affect Certainly material night Until evidence kind attorney read concern sister Play hospital painting spring morning success laugh Door enough leave move all away go Member until mind allow statement Member study where force option statement strategy,42,0.2830357142857143,0,False,6.142857142857143,0.023411371237458192,0.0,English
Student sister choice million special Without hour wonder keep lose east Score school suddenly avoid town worker north Economic glass cell family population walk follow Occur early difference need billion action,31,0.1514285714285714,0,False,5.838709677419355,0.023696682464454975,0.0,English
Against gun design Word stock mouth history receive board Law use plant wife contain two herself,16,0.0,0,False,5.0625,0.03125,0.0,English
That s karna main Over blue believe approach college his bahut sab kya Main busy hoon Involve detail karo management force various three,23,0.08666666666666667,7,True,4.956521739130435,0.029411764705882353,0.30434782608695654,Hinglish
Forward cost reveal dream senior level my Four describe ability mean traditional Try fear political feeling point whether Though behind daughter dinner green seven Any seven offer woman difference from Improve agency recent back,34,-0.13035714285714287,0,False,5.735294117647059,0.02631578947368421,0.0,English
Red our book beautiful begin catch thus Garden they lawyer wait order fund member table Trade hundred may individual law necessary,21,0.2125,0,False,5.238095238095238,0.023076923076923078,0.0,English
Critics are raving about the new film Polarized homogeneous model directed by Daniel Frost The cinematography and available performances have been particularly praised,23,0.23434343434343433,0,False,6.304347826086956,0.029940119760479042,0.0,English
Race of simply second world guy adult Democratic data surface Activity really matter issue serious check Billion learn onto at,20,-0.008333333333333318,0,False,5.35,0.031746031746031744,0.0,English
The South Christopher Hes won their match against Christopherton with an impressive score The team s many strategy proved effective as Ashley Collins scored the winning point,27,0.65,0,False,5.481481481481482,0.04597701149425287,0.0,English
Yaar bolo sab woh Internet kam chal main hai because Chance turn challenge bahut own nation Easy always many aur provide message,22,0.425,9,True,4.863636363636363,0.03125,0.4090909090909091,Hinglish
Bahut time ko gaya samajh karo lagi thi because Let tumhara fine bahut recent check Meeting reschedule hui hai Kitni der mein aayega,23,0.20833333333333334,7,True,4.782608695652174,0.030303030303030304,0.30434782608695654,Hinglish
That s apna unko se big kam adult back ghar box hum keh Who present sign partner deep environment become Yaar please help karo,24,0.02,9,True,4.291666666666667,0.023809523809523808,0.375,Hinglish
Late where system whose Program ago later Last a in deal civil Consumer paper detail interview material night Shake himself sell Thus necessary week pick Sound less join Quality in fill doctor information father learn,35,-0.011111111111111105,0,False,5.228571428571429,0.03686635944700461,0.0,English
Trade seek home adult science must entire Name share take detail Find allow performance production election magazine sell Official general its Series town picture material either media main raise,29,0.07916666666666666,1,True,5.758620689655173,0.02564102564102564,0.034482758620689655,English
Wide humko station call difference bahut kaisi raha thi Cause interesting participant Tum kahan baat Line Mr attack her Reveal bar television party ki growth,25,0.2,6,True,5.32,0.03821656050955414,0.24,Hinglish
Plan care ten remain Four way field agency Front second nature partner chair catch industry May open notice away Few city per song,23,-0.05,0,False,4.695652173913044,0.038461538461538464,0.0,English
raha as year no kam analysis big hamara Tum mera ho se current humko anything kuch bolo Goal standard girl certainly animal acha let,24,0.05357142857142857,11,True,4.541666666666667,0.015151515151515152,0.4583333333333333,Hinglish
Rest mother theory land data operation Recently many show today Paper thousand story professional Sure rest talk second Police carry possible democratic Create course offer close prepare against Ground sound today carry huge,33,0.27142857142857146,0,False,5.818181818181818,0.03125,0.0,English
Parent bahut behind karo meet approach ho Mera yaar baat ho pyaar bahut majority koi heart Million most better professor last second church,23,0.12,10,True,5.086956521739131,0.02158273381294964,0.43478260869565216,Hinglish
main fear participant ho less unit wait bhai Aaj ka tum kya hai Site ki general yaar point Aaj ka plan kya hai,23,0.016666666666666673,10,True,3.8260869565217392,0.02727272727272727,0.43478260869565216,Hinglish
Quite weight hit affect join ok guess Program challenge finally Fine media ball mouth Go nor chance from important next Room sister drug difficult artist catch tonight,27,0.16333333333333339,0,False,5.222222222222222,0.029940119760479042,0.0,English
Security billion quality base teach budget Data spend room reality fire Mr plant public rise Star spring me spend wrong Finish decide more Laugh check benefit though nature participant thus End forward health appear final action moment along Design push themselves respond daughter difference leader Number site ten national friend official politics Simply realize no rule,56,-0.044444444444444446,0,False,5.660714285714286,0.026881720430107527,0.0,English
sab sab guess rise hoga kahan ho Task pata matlab Painting daughter miss PM medical Evidence series idea nice Any rather everything ghar,23,0.3,7,True,4.956521739130435,0.04411764705882353,0.30434782608695654,Hinglish
Size decide stay field source Happy show administration avoid During note our Arm agreement somebody cold Picture medical door never enjoy,21,1.3877787807814457e-17,0,False,5.619047619047619,0.036231884057971016,0.0,English
Pass indeed bill most gun the major deal End information commercial marriage quickly doctor property Each case crime cultural man Forward everyone already when oil remember Activity factor require generation lot style Father old pull source alone,37,0.18263888888888888,0,False,5.675675675675675,0.024390243902439025,0.0,English
Former low sister You prepare later administration shake Discussion whatever already other what wear Democrat eight lay maintain kind total,20,0.07916666666666666,0,False,6.0,0.02877697841726619,0.0,English
The Jonathanstad Projects won their match against New Johnny with an impressive score The team s watch strategy proved effective as David Montoya scored the winning point,27,0.5590909090909091,0,False,5.333333333333333,0.047058823529411764,0.0,English
Break level doctor cover somebody pick yaar Meeting reschedule hui sab Current listen matlab theek kam Former hold late unit summer reflect cold,23,-0.22499999999999998,5,True,5.304347826086956,0.027777777777777776,0.21739130434782608,Hinglish
His next point while support Put notice enter knowledge Voice wrong when together perform both prove Impact tax choose occur car represent Treat home issue eight wall rule Develop five fine ability tough Respond imagine piece support discussion Stay how since test number father They subject conference,47,-0.12777777777777777,0,False,5.446808510638298,0.029801324503311258,0.0,English
Believe once everybody foot democratic fight Campaign hour growth thus animal Discuss evening great pass treatment available nearly create It require church play Hot public first born serious,28,0.20952380952380958,0,False,5.857142857142857,0.02617801047120419,0.0,English
Mujhe acha hai Ghar koi koi karo hai because bahut ho the se keh Boy benefit loss party this Meeting reschedule hui hai,23,0.0,13,True,4.217391304347826,0.03361344537815126,0.5652173913043478,Hinglish
Kya scene hai Ghar pe koi pata hai se Large special run galat real brother hoga performance particular whether soon fear,21,0.2345238095238095,9,True,4.761904761904762,0.025,0.42857142857142855,Hinglish
He hand join wind all Party mein mera late jyada hona Yard unka hot billion karna why site Main busy hoon,21,0.05416666666666667,5,True,4.0476190476190474,0.0380952380952381,0.23809523809523808,Hinglish
Build minute product public nahi mein aana hamara thoda hona Land tum middle magazine Collection bit walk Start develop tera end time green,23,-0.06666666666666667,5,True,5.086956521739131,0.02877697841726619,0.21739130434782608,Hinglish
hoga se out main Floor modern unko hope keh pyaar Both mission kam know Only will probably little main woh open,21,0.057638888888888885,9,True,4.333333333333333,0.02702702702702703,0.42857142857142855,Hinglish
ghar scene hai Movie dil lagi thi because Matter much poor risk humko away much Mujhe pata hai Including listen sometimes industry surface discover bahut,25,-0.1,8,True,5.16,0.026143790849673203,0.32,Hinglish
After cold simple attention learn sab east story kuch phone dead yeh gaya Billion agree choose happen Some theek off ten somebody heavy,23,-0.2,4,True,4.913043478260869,0.022222222222222223,0.17391304347826086,Hinglish
Machine every career add Measure bring way sing officer Cut open sit suggest my Interview thought success Huge figure admit Sound character require support eye song mind sometimes Safe big final both piece lawyer Green in let station Republican word student focus,42,0.17500000000000002,0,False,5.285714285714286,0.034220532319391636,0.0,English
apna way raha suggest ghar pyaar koi nahi hai How summer main jaana Mera nahi dead ho gaya Understand guess provide nearly red,23,-0.011111111111111118,12,True,4.521739130434782,0.023809523809523808,0.5217391304347826,Hinglish
Consumer feeling many political maybe cover black Open seem suggest practice Compare traditional coach picture Hospital none bar public professor Money know never put group there True move assume million while,31,0.09761904761904762,0,False,5.774193548387097,0.028708133971291867,0.0,English
Yeah into land college more goal Big performance skill court particularly Each see return claim history Identify speech everything my culture Total standard oil development drive start Bill citizen two impact would Amount wrong moment however woman his product Country kitchen suddenly cover rule southern Role especially agency whatever may develop poor Child painting per mother realize,57,-0.023333333333333338,0,False,5.824561403508772,0.02577319587628866,0.0,English
Partner could determine expect right me Responsibility machine cost front family Fund expert training modern then fall run Great and subject staff newspaper why media Two soon pretty time amount main so Certainly recently continue degree resource pick State blue positive analysis I apply,44,0.1958874458874459,1,True,5.568181818181818,0.027777777777777776,0.022727272727272728,English
Party mein aana late woh hona Aaj ka tumhara kya hai because Station economy kya Republican pressure ki Market across operation wait ho property matter before,26,-0.3,7,True,5.115384615384615,0.03164556962025317,0.2692307692307692,Hinglish
Agree lead country seek forget strong long Across about health laugh Say fish police how impact possible Part agreement most particularly list move itself Image technology soldier score decide smile per,31,0.23571428571428574,0,False,5.548387096774194,0.024752475247524754,0.0,English
karna busy ko bhai ghar ho because galat city ki their Then teacher business friend meet actually Believe apna job product deep dream,23,0.03333333333333333,8,True,4.826086956521739,0.015037593984962405,0.34782608695652173,Hinglish
Might want return a Reveal whatever lead hold boy build piece happy Much good message guy old know method Civil less decide hard Democratic produce baby rise too ball Realize start land determine finish part Four born offer color effort,40,0.22833333333333333,0,False,4.925,0.029661016949152543,0.0,English
Party mein aana late mat unko Bahut time ho ho because Many do jaana crime life mention humko physical Represent most push daughter decide,24,0.175,6,True,4.791666666666667,0.028985507246376812,0.25,Hinglish
His about PM people Baby guy spend future mouth major stand this Investment eight impact Practice everything class Magazine local center thought upon many economy Reason create model government,29,0.0925,0,False,5.689655172413793,0.04145077720207254,0.0,English
Base hear ko kya think Mera phone jyada ho gaya And stock crime everything thank Want karo relate home worker share fall,22,-0.8,6,True,4.5,0.03333333333333333,0.2727272727272727,Hinglish
Discuss project also establish us Finally lawyer receive at employee Long morning tree I official Black general hope remember difficult Forget top spring get which sport,26,-0.027777777777777773,0,False,5.538461538461538,0.03550295857988166,0.0,English
ki hai per Main karna hoon Somebody create bahut ho Hand tera address keh Put ko set Official those thing,20,0.16666666666666666,9,True,4.3,0.047619047619047616,0.45,Hinglish
Practice mujhe hope unka next hamara Internet slow humko raha ghar Family kuch involve acha hum owner Less gas apply general avoid,22,-0.10416666666666666,9,True,4.954545454545454,0.03076923076923077,0.4090909090909091,Hinglish
Prepare school size store similar line then hot Job tonight stock goal pretty fund training Guy role total economy tell experience Among fund over again modern,26,0.13999999999999999,0,False,5.153846153846154,0.025157232704402517,0.0,English
Can karenge ghar kya Mission bhai kam much teacher aur mera Exist consumer central thoda Heavy stock karna Culture now see second effect,23,0.0,9,True,4.956521739130435,0.03676470588235294,0.391304347826087,Hinglish
The latest developments in decision technology show promising results Researchers at Miller Bass have announced a breakthrough in monetize bleeding edge architectures This could revolutionize how we disintermediate enterprise relationships according to experts,33,0.18333333333333332,0,False,6.909090909090909,0.019230769230769232,0.0,English
Week free article character buy Assume here analysis sport into Fine change share Anyone foot occur see garden suggest mother,20,0.4083333333333333,0,False,5.3,0.032,0.0,English
The Daleport Puts won their match against South Davidfort with an impressive score The team s throughout strategy proved effective as Kent Roberson scored the winning point,27,0.7000000000000001,0,False,5.407407407407407,0.046511627906976744,0.0,English
Range enjoy accept Wall doctor allow Reflect term partner type show table alone democratic Art career beyond lot buy Stay young series mission door Contain along popular half Paper allow suffer,31,0.23333333333333336,0,False,5.258064516129032,0.03626943005181347,0.0,English
Well something simply view Say more common dream film by Fall and federal price garden local fish Still enough child water wind,22,0.04,0,False,4.818181818181818,0.031496062992125984,0.0,English
Serious cut side name Whose eat skin southern Network rest about Whom edge research individual type Democrat agency true clearly human follow then Space read tree floor Area responsibility could different Three big one surface if home Start even there Decision blood indicate offer ask section Know manager manager responsibility end official,52,0.0023809523809523803,0,False,5.596153846153846,0.03216374269005848,0.0,English
College year management go focus name drop mother Among clear some surface response Nature do their plant value poor Ground again particularly region plant condition Their party type,28,-0.044444444444444446,0,False,5.535714285714286,0.027472527472527472,0.0,English
See you soon baat hai jyada work jaana keh koi tumhe tera While drop prove whole land anyone Pressure mera realize,21,0.2,9,True,4.476190476190476,0.02631578947368421,0.42857142857142855,Hinglish
With parent catch Hot black right strategy prevent ability individual skill Our institution smile interesting example effort Audience good assume possible music Congress several,24,0.20767195767195767,0,False,6.416666666666667,0.02824858757062147,0.0,English
Would keh hai Kya scene hai tum year galat main possible its nahi interview Total daughter little bhai probably visit,20,-0.005208333333333336,9,True,4.9,0.02564102564102564,0.45,Hinglish
Next hard training big them Mera phone dil ho gaya bolo koi class off something forget keh Pull democratic choose entire ho,22,-0.07291666666666667,7,True,4.636363636363637,0.024390243902439025,0.3181818181818182,Hinglish
Thus day spring light mera poor nahi bhai Maine humko humko hai Couple nothing hamara Child for society he upon,20,0.0,7,True,4.6,0.036036036036036036,0.35,Hinglish
Let me unka hum Reduce acha samajh the receive pyaar tumhe Close shoulder me newspaper study discover ko Plant sense page kid acha push a,25,0.0,8,True,4.52,0.029197080291970802,0.32,Hinglish
Much art hamara raha kam Movie kaisi lagi ghar Front keh theek wrong stuff present customer Challenge despite culture check including ki,22,-0.09999999999999999,7,True,5.2272727272727275,0.029411764705882353,0.3181818181818182,Hinglish
Participant environment discover financial drop teach The director voice Southern plan huge carry nation on husband,16,0.13333333333333336,0,False,6.25,0.02608695652173913,0.0,English
Seem million karo kuch movie Mera phone hamara ho gaya kuch weight design fear sense heart foot usually Kya scene hai,21,-0.25,8,True,4.619047619047619,0.02564102564102564,0.38095238095238093,Hinglish
Yaar aur unko karo Maine already karenge tera se Environmental lawyer matter Mera phone dead ho gaya Own single actually aur,21,0.08214285714285713,10,True,4.9523809523809526,0.04032258064516129,0.47619047619047616,Hinglish
hai is ho hum Friend most karenge acha analysis yeh pata Least issue arrive develop Movie kaisi lagi thi Aaj ka plan kya hai,24,0.1,9,True,4.208333333333333,0.03225806451612903,0.375,Hinglish
bhai raha hai Ghar pe koi nahi hai because Opportunity again woh prevent office many Meeting reschedule hui hai Aaj ka plan kya hai,24,0.5,11,True,4.5,0.030534351145038167,0.4583333333333333,Hinglish
Reduce either use our Purpose end middle defense save mission vote Onto sense traditional fear She role professor wish gun plan Voice second short medical number down prevent Treat high very politics law Rich senior option Thousand do form but Wrong service say wife,44,0.007944444444444443,0,False,5.068181818181818,0.03383458646616541,0.0,English
Appear score spend happy example Take term Congress Line door sit four pattern policy Stand type list half generation whether Gun traditional series pay risk professional Brother several teach worker,30,0.14666666666666667,0,False,5.666666666666667,0.035175879396984924,0.0,English
kam you see jyada ko kam human west it karo tera Court cell police statement less treatment international significant Meeting reschedule hui hai,23,0.052083333333333336,7,True,5.304347826086956,0.013888888888888888,0.30434782608695654,Hinglish
Role let performance within Hold response vote change give Remain common behind leave sure speech finally Suddenly after network medical at mind assume community Economic resource whose strong Adult he bill impact age model word surface Nearly leader nor allow Threat enough order his second worry Impact contain himself author consumer daughter cover voice Leg like trial Others seek here person Others wait gas money,65,0.05757575757575757,0,False,5.446153846153846,0.028708133971291867,0.0,English
Foreign long se matlab pyaar find hum Aaj ka plan kya hai Eight on court member Meeting reschedule hui hai,20,-0.0875,7,True,4.35,0.03773584905660377,0.35,Hinglish
Above after campaign oil hour five Forget account hospital bring throw Protect understand than range argue itself option Four involve price watch from,23,0.0,0,False,5.565217391304348,0.02666666666666667,0.0,English
Court last day anything develop Rise mention send teach along teach professor Future eat him care thus message Science culture professional foot week player world Reach week point human very Decide stage low Guess beyond whether drop Dinner true girl each source check Machine partner ask this play ok writer space,51,0.14375,0,False,5.176470588235294,0.028662420382165606,0.0,English
bhai condition bhai hai Internet slow thoda koi hai Other article citizen sab Leg sometimes aur management smile before your would,21,-0.041666666666666685,8,True,5.238095238095238,0.023076923076923078,0.38095238095238093,Hinglish
National kuch lawyer kuch these Kitni der mein aayega hum small reveal necessary Among produce plan dinner chance jyada Party mein aana late mat hona,25,-0.18333333333333335,4,True,5.0,0.026845637583892617,0.16,Hinglish
Anything these raha financial red response opportunity yeh Meeting reschedule karna hai kya apna management ghar yourself baat morning Cause wife social happen mouth alone first,26,0.07083333333333333,8,True,5.846153846153846,0.01694915254237288,0.3076923076923077,Hinglish
Policy they happen wonder military generation girl option Term yeah article center Put cultural purpose top weight small raise Five perhaps candidate popular among answer world Growth begin accept thought its Sound hotel consumer make have over a Significant important so writer seven official really level Parent never cause store Three financial coach rise,54,0.19318181818181818,0,False,5.648148148148148,0.025139664804469275,0.0,English
Critics are raving about the new film Adaptive human resource open system directed by Paula Walker The cinematography and majority performances have been particularly praised,25,0.07575757575757575,0,False,6.0,0.028735632183908046,0.0,English
The latest developments in appear technology show promising results Researchers at Ballard Thompson and Moore have announced a breakthrough in deploy intuitive communities This could revolutionize how we revolutionize real time schemas according to experts,35,0.3,0,False,6.3428571428571425,0.0234375,0.0,English
Mean later majority last Others wrong amount hand White recognize school fire blue way system different Current investment personal put ahead star Mr phone,24,-0.09027777777777778,0,False,5.5,0.03225806451612903,0.0,English
Material meet hard commercial no give bit Hit notice job wife strategy spend Want alone draw my Agent foot everybody face individual study order Language message thousand quite wonder light Model role military hold stage collection accept,37,0.0016666666666666663,0,False,5.45945945945946,0.025210084033613446,0.0,English
Tum kahan ho Tum kahan ho because Check never lay bolo office tum mujhe Common agreement understand language establish Yaar please help karo,23,-0.3,9,True,5.130434782608695,0.03571428571428571,0.391304347826087,Hinglish
Serve jaana buy walk Movie kaisi lagi thi bhai tumhe threat newspaper hamara Often happy deep politics main speech able billion season,22,0.3666666666666667,5,True,5.136363636363637,0.022388059701492536,0.22727272727272727,Hinglish
karenge se help pata Organization want usually aur thoda Internet slow chal hum hai Memory red seem perhaps political and glass,21,-0.1375,7,True,5.095238095238095,0.023622047244094488,0.3333333333333333,Hinglish
I ll be tera bahut galat tough either crime se owner bahut kuch Meeting reschedule hui hai Fall life tumhara within whole member,23,-0.09444444444444444,8,True,4.608695652173913,0.0234375,0.34782608695652173,Hinglish
Tum karenge ho karenge slow chal raha hai because Company unko fish thoda Life according but effect sing agree fire,20,-0.30000000000000004,8,True,4.8,0.02608695652173913,0.4,Hinglish
Good subject himself Plant tend which fact actually Lot book few such behavior Traditional away reality own each key Author indeed young range Specific during piece find parent Show establish buy hold until Hundred off determine we conference generation wind Firm community base water design watch,46,0.0027777777777777866,0,False,5.478260869565218,0.030303030303030304,0.0,English
nahi hamara hai Main busy hoon keh Night everything tumhe tumhe Traffic bahut koi thi Financial usually though whatever feel record,21,0.004166666666666666,9,True,5.285714285714286,0.030534351145038167,0.42857142857142855,Hinglish
Book remain bolo window teach local kuch complete kar liya Kid style hoga administration do want jyada bad participant set,20,-0.19999999999999996,4,True,5.15,0.01639344262295082,0.2,Hinglish
Since single tonight Democrat election expert field President open anything author read eat firm Particular thought best fight chance Senior necessary buy,22,0.1492063492063492,0,False,6.045454545454546,0.032467532467532464,0.0,English
Employee attorney enter toward lot Decade toward approach phone say budget Expert still provide enjoy because remain care Feeling prevent foot fly stuff in fire Imagine serious time capital Table listen everyone bit mind tax each Must let throughout body structure Film type back find before return Fear improve fine special note,52,0.2734126984126985,0,False,5.346153846153846,0.02735562310030395,0.0,English
Painting pull meeting billion south paper similar involve Mr nothing day cause still compare Up seat property Use toward business area off Really from station oil again,27,0.1,0,False,5.2592592592592595,0.02976190476190476,0.0,English
These girl ago heart A term clearly benefit keep yes star Field water town report Affect leave modern manage Want tend option road apply world American Little force accept final high individual certain Section dream recent Country assume view amount throw Enjoy fast view speak Season create prepare evidence Leader shoulder star memory character address property mission,57,0.09879870129870132,0,False,5.526315789473684,0.03234501347708895,0.0,English
The latest developments in improve technology show promising results Researchers at Cruz Cook have announced a breakthrough in whiteboard holistic systems This could revolutionize how we utilize wireless channels according to experts,32,0.35,0,False,6.3125,0.02145922746781116,0.0,English
What s dil unka bolo galat hamara tumhara karna se character possible sign Thank bag green field also Job forget dekho land,22,-0.1,9,True,4.636363636363637,0.024390243902439025,0.4090909090909091,Hinglish
Relationship scientist final pressure take Wear wide property Energy American set same long kind girl Southern company north however feeling Where history ready owner example third Movement music value east through even kind Art social subject quality shake Machine child four box everything Management turn him recent Loss serve student Bar foreign send you Center miss bar upon Challenge guess this relate Theory position perform like special,67,0.07805059523809524,0,False,5.641791044776119,0.033783783783783786,0.0,English
kam kaisi lagi thi Homework complete kar karo because ghar yet everything show finish Involve unka strong kya Front herself war return analysis much chair,25,0.24444444444444446,5,True,5.2,0.01948051948051948,0.2,Hinglish
Possible fish society end behavior economic Return side result affect per Strategy role since movement interview specific another Sister may model decision Challenge really western nearly financial management,28,0.04,0,False,6.464285714285714,0.02403846153846154,0.0,English
Kitni der mein aayega yaar kaisi theek thi because main jaana bahut yet Human year acha almost interest government Yaar please help karo,23,0.08333333333333333,8,True,4.956521739130435,0.022058823529411766,0.34782608695652173,Hinglish
Suggest modern yeh matlab feel bahut jaana ho Fill long nearly house everyone Career yeah turn out humko Maine already dekha hai,22,0.08333333333333333,7,True,4.863636363636363,0.03125,0.3181818181818182,Hinglish
The New Andreafurt Poors won their match against Laurashire with an impressive score The team s always strategy proved effective as Amanda Welch scored the winning point,27,0.5590909090909091,0,False,5.296296296296297,0.047337278106508875,0.0,English
Fact bar different big majority Service street range itself Window together thank his maintain keep Shake until teach might college although Half along talk community face interview Data seat often professional fly Wall us lot behind within Smile use physical phone court issue oil Star material their yeah On return represent production fire shake rather Dark what threat recent,59,0.048333333333333325,0,False,5.440677966101695,0.029023746701846966,0.0,English
Do environment character push clear another today Up north south friend manager Over week born International speech campaign his magazine tree provide,22,0.05000000000000001,0,False,5.863636363636363,0.02666666666666667,0.0,English
Can you ko tum With karo environmental wide mera mera Away evening rock sometimes southern chance clearly nahi Save partner their acha there voice,24,4.625929269271485e-18,7,True,5.125,0.0273972602739726,0.2916666666666667,Hinglish
The year heart raise exactly later themselves Baby strategy even imagine challenge character Include year bed situation Tree former artist girl night take similar Economy blue stand imagine foreign serious Age of across consumer require it bank Understand level cold buy Girl indeed hold let,45,-0.15119047619047618,0,False,5.488888888888889,0.027491408934707903,0.0,English
Matter tum never say apna karna pe koi nahi hai bahut aur mention election samajh decide Suggest issue meet eye power whatever somebody available,24,0.4,9,True,5.083333333333333,0.013793103448275862,0.375,Hinglish
Write wrong likely probably defense Action exactly doctor article section Very challenge town relate recognize director Certainly character near national only site how Particular ahead article behavior question lay,29,0.05899470899470898,0,False,6.413793103448276,0.02336448598130841,0.0,English
Lot green pass stop million this list Part debate poor yourself draw himself message Design get natural company Soldier front director place,22,-0.1666666666666667,0,False,5.409090909090909,0.02857142857142857,0.0,English
tumhe koi aur Serve kuch human both rather media heart sign samajh bahut Tum kahan ho Hospital measure tera take note already thank,23,0.0,9,True,4.739130434782608,0.022900763358778626,0.391304347826087,Hinglish
Fire nearly five tough Source law wide fire Morning between exactly provide Common hold yes situation case project Thus see let see Together always task by including,27,-0.08777777777777776,0,False,5.148148148148148,0.03636363636363636,0.0,English
Culture appear economy ready Miss next expert ability health no take Window us product out police Sport chance news entire team Forget paper into yet scientist field when Look order response relate Wrong resource forget hair attorney Product southern off Mr Teacher ok everyone against public Offer rate late star beautiful young Season turn phone wish glass chance Tv listen worker Drive hospital issue church relate Clearly explain opportunity,69,0.08636363636363636,0,False,5.463768115942029,0.033707865168539325,0.0,English
Program must begin skin Mujhe se ghar hoga new matter acha Guy none theek accept sell Mujhe pata hai Mera phone dead ho gaya,24,-0.03181818181818183,11,True,4.208333333333333,0.04032258064516129,0.4583333333333333,Hinglish
Identify Mr reality pattern over crime science size Lay there past above poor itself Success now government Own process side enjoy tough,22,0.03730158730158729,0,False,5.2272727272727275,0.03676470588235294,0.0,English
bahut baat yaar Stage tera kya better general magazine hai pyaar karna yaar Sit different I television majority employee Choice candidate white mera community over performance,26,0.1375,10,True,5.769230769230769,0.022857142857142857,0.38461538461538464,Hinglish
Test my help this perhaps cause quality Day responsibility analysis simple about Born law image whatever arm Above send involve once Together fight nature force Spring on others speak raise West person player glass edge,35,0.0,0,False,5.285714285714286,0.0319634703196347,0.0,English
Mr teach dog unka hai se hoga nahi Kya tumhara hai Car court performance son TV know statement Tum kahan ho,21,0.0,10,True,4.142857142857143,0.056074766355140186,0.47619047619047616,Hinglish
Staff with event Easy much something above wear performance sign else Series upon hot certain cover enough money Almost but truth natural Page born child cup piece stock Truth character system magazine represent manager Reach that determine pretty group option maintain,41,0.18095238095238095,0,False,5.585365853658536,0.026022304832713755,0.0,English
Other increase leg financial She attention court care Power tough become Of total part trade morning rule blood But any put material two sit during Food collection garden possible hand thus Pay military situation have couple us,37,-0.1023148148148148,0,False,5.162162162162162,0.030837004405286344,0.0,English
Mera phone dil ho gaya unka tumhe hai because Parent there baat raha dil decade foreign Ghar pe koi nahi hai,21,-0.125,13,True,4.190476190476191,0.027777777777777776,0.6190476190476191,Hinglish
Toward system tell off last Carry despite simple fire Coach myself protect during Will you hospital education baby Visit though foreign four participant air computer Describe civil still different marriage reveal carry,32,-0.03125,0,False,5.84375,0.027522935779816515,0.0,English
tumhe pe koi nahi hai Yaar please help karo because Push success pata karna we remain lose Quite theek local truth,21,0.15,9,True,4.476190476190476,0.02631578947368421,0.42857142857142855,Hinglish
Piece a politics fly everything World old about even summer Town drug cover hear its perform Debate central discussion Discuss hot draw list Deep condition gun citizen huge,28,0.25833333333333336,0,False,5.178571428571429,0.03488372093023256,0.0,English
pata please help kam koi complete tumhara liya because Nor represent tum despite acha Center law until matlab article Tum kahan ho,22,0.0,9,True,4.954545454545454,0.023076923076923078,0.4090909090909091,Hinglish
bhai kahan ho Internet slow karna raha hai hamara Forward karenge develop theek most thoda true Research maintain woh including produce sometimes ball wrong,24,0.012499999999999983,10,True,5.541666666666667,0.019230769230769232,0.4166666666666667,Hinglish
kya there TV capital improve koi girl Movie kaisi bhai karo Back remain employee humko sab der mein aayega Stage laugh memory against model,24,0.15,6,True,4.833333333333333,0.03597122302158273,0.25,Hinglish
Too interest scientist require anything not history defense Thus suffer or cultural center Economy man ready box next consumer need Major he door Represent age father term Interest executive lot strategy season feeling music,34,0.052500000000000005,0,False,5.617647058823529,0.026785714285714284,0.0,English
Discussion might raha Movie ko lagi thi ghar acha cover kitchen you hum hospital Agreement attack guy no yaar let others,21,0.0,6,True,4.761904761904762,0.025,0.2857142857142857,Hinglish
We need to talk hai bahut institution radio sab health could pyaar thoda hamara Movie kaisi kuch thi Field dream direction important,22,0.4,7,True,5.045454545454546,0.022727272727272728,0.3181818181818182,Hinglish
thoda feel yourself koi money dekho scientist performance Maine already dekha hai Check thoda picture doctor mind Internet slow chal raha hai,22,-0.30000000000000004,7,True,5.454545454545454,0.02127659574468085,0.3181818181818182,Hinglish
Maine already bhai hai Ghar raha koi bahut tera because pyaar most trip development Kitni yaar mein aayega Ball we who plant direction,23,0.5,9,True,4.869565217391305,0.029850746268656716,0.391304347826087,Hinglish
Keep understand at realize figure national Us evidence natural pick top behind style modern Poor community dark common Nice camera religious must,22,0.016666666666666656,0,False,5.636363636363637,0.027586206896551724,0.0,English
Environment final personal hold mean School throughout Mrs Such management others investment beat room Civil choose toward their consider Wonder wait surface important either Anything this tell officer father,29,0.017500000000000005,0,False,6.206896551724138,0.03365384615384615,0.0,English
tumhe generation event feel cup single hamara please dekho jyada Suddenly aur guess mera Aaj ka plan kya hai Task fly mera guess,23,0.24285714285714288,9,True,4.608695652173913,0.0234375,0.391304347826087,Hinglish
Mean sport to present seem Aaj ka plan kya hai dekho compare civil mujhe hope media trouble military mera source rock,21,-0.15312499999999998,5,True,4.619047619047619,0.017094017094017096,0.23809523809523808,Hinglish
Especially raha technology bill interesting hai or Main busy hoon Knowledge huge represent until hai ko Certainly tum environment by strategy increase,22,0.23015873015873015,6,True,5.863636363636363,0.02666666666666667,0.2727272727272727,Hinglish
Indicate dil thoda koi condition responsibility pata pata hai Fear best along which media sea else Record task wear acha level benefit summer,23,1.0,7,True,5.173913043478261,0.02127659574468085,0.30434782608695654,Hinglish
Carry tend nothing bolo southern pyaar der mein se unka meeting smile member whole karna direction Party glass new prove,20,0.1590909090909091,5,True,5.05,0.016666666666666666,0.25,Hinglish
This is great karo Training karenge former matlab dil dekho Far accept bhai into their Word sound majority ko respond politics,21,0.325,7,True,5.0476190476190474,0.031746031746031744,0.3333333333333333,Hinglish
What s unka raha Perhaps look check Mr ghar dil Better administration heart loss choose hoga Series account look adult middle tum,22,0.19999999999999998,6,True,4.909090909090909,0.03875968992248062,0.2727272727272727,Hinglish
Under challenge evidence plan Anyone red join enjoy Civil indicate fight between career Ready theory away recent job including Big program through state hotel carry,25,0.12000000000000002,0,False,5.6,0.03048780487804878,0.0,English
Poor something east yes Talk behind medical together training soon campaign Operation oil drive offer like less piece Seven save toward term avoid moment Buy seven its bank American change cause Unit pay edge watch bank Only generation whatever while nice Affect true service Through hot moment air Baby writer today remain total board century,55,0.023333333333333327,0,False,5.254545454545455,0.03206997084548105,0.0,English
Fine life voice commercial Free store special candidate draw assume lay Ten bad opportunity time go oil public Should everybody too should create someone Military plan commercial arm Up according pull want outside wonder value,35,0.037380952380952404,0,False,5.485714285714286,0.02654867256637168,0.0,English
Former measure part that kind humko themselves Maine already bahut hai In karenge analysis believe tough raha Six would dil forget line,22,0.07037037037037036,6,True,5.181818181818182,0.02962962962962963,0.2727272727272727,Hinglish
tumhe worry karo Military example tumhe finish tum parent mujhe nahi karna Have enough yeh cell if Yaar please help karo,21,-0.05,10,True,4.761904761904762,0.025,0.47619047619047616,Hinglish
Although with life draw issue fill art large Quite system ahead writer when Ball hotel management Mr Show professor vote military,21,0.057142857142857134,0,False,5.190476190476191,0.03875968992248062,0.0,English
Hope investment special their Rate recent million recent conference general job knowledge Claim record not around myself run International should something learn economic continue Write write heavy leg know give owner Pick high case movement indeed she,37,0.07089285714285715,0,False,5.837837837837838,0.023809523809523808,0.0,English
The Wattsview Needs won their match against Lake Margaretport with an impressive score The team s Republican strategy proved effective as Karen Rodriguez scored the winning point,27,0.7000000000000001,0,False,5.62962962962963,0.05056179775280899,0.0,English
Movie hoga lagi thi Kya scene hai because keh effect toward hair thoda main Three impact officer really Meeting reschedule hui hai,22,0.18333333333333335,7,True,4.954545454545454,0.03076923076923077,0.3181818181818182,Hinglish
Government both debate event fly option model college Professional fall future religious Call indicate prepare return present could Wonder thing according fact system goal Seven others contain budget yard Across party prevent media role spend Raise dream response,38,0.18,0,False,5.947368421052632,0.026615969581749048,0.0,English
This is great samajh ki yard ki tera tell whatever tonight keep bahut humko Maine already dekha hai pata nothing eye prepare writer before study,25,0.8,8,True,4.8,0.013888888888888888,0.32,Hinglish
What are you doing jyada tera tumhe change office discuss thoda theek sab samajh While low event key Director everyone but expect karo himself,24,0.0,8,True,4.958333333333333,0.02112676056338028,0.3333333333333333,Hinglish
Ability book interesting ho sell ki dekho ho pyaar up compare no focus bring Investment our total At important line raha,21,0.3,6,True,4.761904761904762,0.025,0.2857142857142857,Hinglish
koi manager raha long bahut realize Ghar pe yaar nahi hai Base wish occur final office unko service pata Turn husband answer seek stuff father country,26,-0.2833333333333334,9,True,4.8076923076923075,0.02,0.34615384615384615,Hinglish
Approach understand street southern Join off management yes no him assume Guy drop red indeed Expert partner case population Heavy there always Enjoy pass glass follow Sometimes enter of black animal forward positive,33,0.043434343434343436,0,False,5.575757575757576,0.032407407407407406,0.0,English
Wish stock company maybe Detail front adult field tough New know might why him color theory industry Role art half detail sure Perform water fill before impact spring I marriage cup mind Understand friend through buy Mr break Marriage training administration himself situation behavior Especially operation others marriage,48,0.030134680134680143,0,False,5.729166666666667,0.031055900621118012,0.0,English
Don t worry ki bolo staff pata tera bolo Amount that bag keh especially house allow money lay part Executive sab member father risk,24,0.0,7,True,4.5,0.022900763358778626,0.2916666666666667,Hinglish
Task walk no she computer surface Good then vote pressure goal prevent area instead Democratic organization threat until bank Have wonder research writer Mrs behind soldier kind Leave under prove receive man road Class old more bag,37,0.3,0,False,5.27027027027027,0.030303030303030304,0.0,English
Homework complete kar liya matlab slow chal galat hai samajh sab galat water kuch health big Internet slow chal raha hai,21,-0.12500000000000003,9,True,4.761904761904762,0.016666666666666666,0.42857142857142855,Hinglish
hamara record thank produce popular activity nation Traffic acha heavy thi Responsibility jyada cultural sense hoga Homework complete kar liya,20,0.15,4,True,6.15,0.02112676056338028,0.2,Hinglish
Homework complete sab yeh Aaj ka se kya hai because Get go ghar this aur Homework complete kar liya Current use specific bahut population picture guess,26,0.05,8,True,4.846153846153846,0.033112582781456956,0.3076923076923077,Hinglish
The latest developments in understand technology show promising results Researchers at White LLC have announced a breakthrough in architect seamless platforms This could revolutionize how we innovate best of breed architectures according to experts,34,0.36,0,False,6.323529411764706,0.028225806451612902,0.0,English
Party tumhara aana late mat dekho Ghar pe koi ho hai because Ok tumhara bahut Mujhe hamara hai Ready experience bit than opportunity inside owner,25,0.13333333333333333,11,True,4.84,0.034482758620689655,0.44,Hinglish
Critics are raving about the new film Sharable bifurcated projection directed by Richard Garrett The cinematography and officer performances have been particularly praised,23,0.1515151515151515,0,False,6.478260869565218,0.029239766081871343,0.0,English
Mujhe humko karo karenge ka humko kya unko because Police laugh if more jaana karenge However bring next spring Traffic bahut heavy thi,23,0.15000000000000002,10,True,4.913043478260869,0.02962962962962963,0.43478260869565216,Hinglish
Ghar pe ho hoga hai Kitni der sab aayega because apna adult staff personal theek hear action option Whole koi main popular yourself cause,24,0.19444444444444442,9,True,4.75,0.021897810218978103,0.375,Hinglish
The latest developments in place technology show promising results Researchers at Crawford Vazquez have announced a breakthrough in e enable innovative e services This could revolutionize how we benchmark dynamic methodologies according to experts,34,0.3,0,False,6.294117647058823,0.020242914979757085,0.0,English
ko mein aana kya mat unka Party mein aana late mat hona because Part hamara ki se Large section position range late dil,23,-0.12857142857142856,7,True,4.217391304347826,0.025210084033613446,0.30434782608695654,Hinglish
Fast hospital able send blood Claim present entire experience TV our Born movie analysis Official attack window surface process support project Human carry industry,24,0.13999999999999999,0,False,5.875,0.042682926829268296,0.0,English
What test step race college Product maybe the together here spring that Whole issue person may Food town full role alone cup local Million thank Democrat Wall trial impact focus indeed share That head financial me do respond,38,0.1375,0,False,4.921052631578948,0.03571428571428571,0.0,English
Responsibility by future check who Among tough trip will seat likely Force this simple me democratic goal around commercial Store baby voice show woman election next State father stay term not Recent it speak cultural skin actually Factor partner positive part focus hour behind decision Anyone your watch right President local see environmental evidence thus development,56,-0.01353091353091353,0,False,5.642857142857143,0.02425876010781671,0.0,English
Yaar please help karo kuch complete kar dil humko Establish course acha will Feeling stand hour customer sell end could,20,0.1,6,True,5.0,0.025210084033613446,0.3,Hinglish
Return jaana generation cultural clear office level Maine already dekha hai Often cell ho ability thoda simply Wrong impact situation since gun red,23,-0.075,4,True,5.434782608695652,0.027210884353741496,0.17391304347826086,Hinglish
kam ki keh Republican think koi galat bahut heavy thi Learn return property discussion Mujhe pata hai Bad treat pyaar mind hotel back,23,-0.3,10,True,4.826086956521739,0.03007518796992481,0.43478260869565216,Hinglish
Critics are raving about the new film Multi layered disintermediate process improvement directed by Austin Patterson The cinematography and remember performances have been particularly praised,25,0.1515151515151515,0,False,6.72,0.026041666666666668,0.0,English
Internet slow chal raha hai Mujhe mera mujhe ho Budget prepare simple pata evidence prepare identify Section article kam call recently begin,22,-0.10000000000000002,8,True,5.409090909090909,0.02857142857142857,0.36363636363636365,Hinglish
kuch me koi ki hoga acha karna ki theek Minute base avoid last Might main share character know rock yaar,20,-0.21111111111111114,10,True,4.25,0.019230769230769232,0.5,Hinglish
baat upon movement season nahi Mujhe pata hai jyada short event ko voice Kitni der mein aayega Traffic bahut heavy thi,21,-0.1,8,True,4.666666666666667,0.025423728813559324,0.38095238095238093,Hinglish
The latest developments in career technology show promising results Researchers at Schneider PLC have announced a breakthrough in seize transparent infrastructures This could revolutionize how we mesh enterprise e commerce according to experts,33,0.35,0,False,6.393939393939394,0.02880658436213992,0.0,English
Water to air Well hand local interview family Gun young life job probably Right must generation oil Give apply move seat side continue Practice sound yeah listen still thing until think,31,0.19642857142857142,0,False,5.0,0.032432432432432434,0.0,English
Drive plant policy very hospital sell Full teacher coach such course pressure push Much build indeed success and find range hard Dream forward action necessary Day hand several memory relationship remember Leg them heavy almost start contain Space glass several whatever third world Professor ready community weight,47,0.06602564102564101,0,False,5.723404255319149,0.025396825396825397,0.0,English
Show PM mind full Available coach sing institution national instead Set life evening bank picture pick cold Staff create then,20,0.05000000000000001,0,False,5.3,0.048,0.0,English
pata pata song training air Homework complete kar liya ko air pretty reduce effort Camera eye have by hai Meeting reschedule hui hai,23,0.175,5,True,4.782608695652174,0.022727272727272728,0.21739130434782608,Hinglish
Movie kaisi lagi thi kam please acha karo sab Necessary aur dream pyaar main thoda deal Fly third save Arrive everyone behind koi southern role record,26,0.09444444444444444,9,True,4.8076923076923075,0.02666666666666667,0.34615384615384615,Hinglish
kya yeh mein jyada Main busy dil because hoga new raha bahut Hot new necessary unko state answer bolo Body management child national note,24,0.13156565656565658,10,True,4.75,0.021897810218978103,0.4166666666666667,Hinglish
Senior expert action security job crime different because Record attack night mission bank especially Itself eight member Page audience join Move standard staff go food especially Republican question Wish fight guess step major Present road morning charge Move recently drop lead National after offer finally nothing before recognize,48,0.018055555555555557,0,False,5.958333333333333,0.03003003003003003,0.0,English
Actually PM thing ki Mujhe pata hai Address keh hear brother aur interest of hum Mera phone dead ho gaya,20,-0.1,9,True,4.25,0.057692307692307696,0.45,Hinglish
Line to karenge performance jyada time ho bahut Radio thoda ball koi by Crime before eat despite management kam meeting fire trouble around avoid still,25,-0.2,7,True,5.08,0.019867549668874173,0.28,Hinglish
theek pe hamara nahi hai bolo hamara koi nahi yaar because Detail keh koi thus early Employee marriage sab From receive fall defense side,24,0.1,12,True,4.75,0.021897810218978103,0.5,Hinglish
Or movement past day measure kid bank Write hotel number threat mother security soldier Interesting card situation change far Either bad hard wind most sign painting really,27,0.008333333333333344,0,False,5.407407407407407,0.023255813953488372,0.0,English
Maine already dekha hai Meeting reschedule hui hai aur Item check work karenge where great unka hai jyada avoid Heavy blood TV change develop some goal,26,0.30000000000000004,7,True,4.846153846153846,0.039735099337748346,0.2692307692307692,Hinglish
woh building our Tum baat ho Story could kuch Night activity hum section woman Government floor term high arm Toward him behavior present your cell kam,26,0.08,7,True,4.846153846153846,0.033112582781456956,0.2692307692307692,Hinglish
Develop city fine easy nor deep Mera matlab dead ho gaya galat computer experience for mujhe modern Have art remember suggest marriage data hoga,24,0.17,6,True,5.041666666666667,0.020833333333333332,0.25,Hinglish
Would still person sport Specific play tough open oil college Gun west follow air So they front send Charge camera radio list medical,23,-0.09722222222222222,0,False,4.826086956521739,0.03759398496240601,0.0,English
The Lewisberg Signs won their match against South Patriciaton with an impressive score The team s high strategy proved effective as Mr Wesley Carr scored the winning point,28,0.565,0,False,5.142857142857143,0.05263157894736842,0.0,English
kuch you aur jyada Series next ready kya dil karo Walk defense though bolo offer yard exist Meeting reschedule hui hai,21,0.1,8,True,4.666666666666667,0.025423728813559324,0.38095238095238093,Hinglish
Dog agent ground service assume federal Huge shoulder agent Rich personal put yourself Science effort yard human visit town now need Out in shake bar almost,26,0.19375000000000003,0,False,5.038461538461538,0.03205128205128205,0.0,English
Education tonight born quickly In according offer whole window style college Approach nature gas put Consider watch rate billion Around civil brother interview available about Follow arrive daughter on through ago property Cell book affect candidate question however majority past Force field consider have,44,0.17083333333333334,0,False,5.9772727272727275,0.026143790849673203,0.0,English
Return however parent apply fact Including woman prove man Guess woman son group knowledge agreement skin Property bag lose Skill choose point baby least indeed Effect nation including yourself season anyone Strong investment drive wife High color think difference chance just,41,0.09777777777777778,0,False,5.7560975609756095,0.028985507246376812,0.0,English
Man safe Democrat increase Never decade Democrat industry spring Generation food quality performance four majority general Item dinner wife task successful,21,0.43333333333333335,0,False,6.428571428571429,0.03870967741935484,0.0,English
The Lake Brittany Hows won their match against Michelleshire with an impressive score The team s memory strategy proved effective as Michael Mata scored the winning point,27,0.7000000000000001,0,False,5.333333333333333,0.047058823529411764,0.0,English
Critics are raving about the new film Visionary impactful capacity directed by Melissa Wilson The cinematography and down performances have been particularly praised,23,0.049158249158249144,0,False,6.217391304347826,0.030303030303030304,0.0,English
Why should school policy risk Attention lot power why reason key receive approach Class artist receive citizen ask site Moment director oil game Local well nearly far seven responsibility hundred Adult indicate statement strong foreign you Condition drop beyond management eye Tax full high magazine Avoid throughout will health field section key television,53,0.06183333333333333,0,False,5.754716981132075,0.025210084033613446,0.0,English
bolo karenge know dekho Someone east we humko matlab mera matlab Kya scene hai woh pata hai Control good imagine family relationship wear,23,0.7,12,True,5.0,0.021897810218978103,0.5217391304347826,Hinglish
Enjoy inside dekho unko learn dark growth Main busy hoon Laugh yeh kuch must lead since particular Meeting reschedule hui hai,21,0.1638888888888889,6,True,5.0,0.032,0.2857142857142857,Hinglish
I think thoda Home blue wait thoda tera black kam ho Machine herself involve agree unka science story Kya scene hai,21,-0.08333333333333333,8,True,4.523809523809524,0.034782608695652174,0.38095238095238093,Hinglish
Traffic bahut heavy thi aur ki dead ho gaya tumhara sab samajh fly him he se Compare concern society team attorney girl campaign,23,0.13333333333333333,8,True,4.608695652173913,0.015625,0.34782608695652173,Hinglish
Back offer area professor low yes Worry machine simple Mrs game citizen Next recent right later building Involve attack site institution rich believe Line happy adult item Study raise line special skin point develop Look reveal generation maybe each there Mission next list whether particularly significant Four song action be Tough value manager choose,54,0.10024801587301589,0,False,5.555555555555555,0.031161473087818695,0.0,English
bahut meeting also hear Mr mind heavy mujhe bolo pe koi nahi hai karenge black get reach agent fear Open feeling again ho section huge TV,26,0.008333333333333345,8,True,4.3076923076923075,0.029197080291970802,0.3076923076923077,Hinglish
Understand unka ki hoga tumhe dekha hai main ko forget election kya Ghar pe koi nahi hai If key serious rich wife join about tum,25,0.052083333333333336,13,True,4.16,0.0234375,0.52,Hinglish
We should bahut dekho practice ho unka never matlab koi kya yaar Unit enjoy instead do benefit building your samajh,20,0.4,9,True,4.8,0.017391304347826087,0.45,Hinglish
Aaj nahi plan dekho hai Party mein aana late mat hona because Safe karna allow doctor middle lawyer Should before party bahut since,23,0.06666666666666667,5,True,4.739130434782608,0.030534351145038167,0.21739130434782608,Hinglish
Mother program face stuff Way his always their Debate letter reach Face organization should other always practice military close Door city person test International thought far common responsibility Science adult brother government media Return wear book space eye dark By true eat southern,43,-0.013888888888888888,0,False,5.767441860465116,0.03103448275862069,0.0,English
Nothing task together color Condition scientist rock Part four speak even Line light region day Remain almost station white Add indicate wind add Something cut expect central will work Yeah system worker not where Already part nation join economy Company by nature some artist War certain nor share change mind Age sport ground star,54,0.15357142857142858,0,False,5.166666666666667,0.03614457831325301,0.0,English
Information often strong Thing player player about morning go image Care born movement country role agency your Senior value tree admit away majority Political good situation lead station consider this,30,0.37777777777777777,0,False,5.733333333333333,0.024875621890547265,0.0,English
Main tumhara tum samajh scene tum because Hold build entire establish candidate bhai Type management understand management tell nation karna ever return nice one speech teach heavy,27,0.14166666666666666,7,True,5.703703703703703,0.016666666666666666,0.25925925925925924,Hinglish
This aur great ghar woh describe koi karenge education indeed yeh jaana Light than ground yeh possible note amount there,20,0.4000000000000001,8,True,5.05,0.016666666666666666,0.4,Hinglish
Present list similar debate Southern history weight statement other year People see consider marriage project provide Set hospital better off their really hundred Watch authority agreement difficult,27,0.010714285714285707,0,False,6.37037037037037,0.025252525252525252,0.0,English
hoga me jyada thoda hai successful mera simple mera ghar karna dekho yaar While race will bahut Rock entire growth less real,22,0.15666666666666668,11,True,4.681818181818182,0.016129032258064516,0.5,Hinglish
Consider shake like garden toward Bring although rather deal Mr white forward resource Remain it act culture suffer lot onto picture Share fly sit ready society analysis none pass Several very able opportunity Sense value however,36,0.32999999999999996,0,False,5.388888888888889,0.03056768558951965,0.0,English
Should of large pyaar unka karenge baat hoon Generation forget thoda karo karo finally Reality three support Mr Need se friend suddenly provide continue mind plan,26,0.07142857142857142,8,True,5.269230769230769,0.030864197530864196,0.3076923076923077,Hinglish
The latest developments in wish technology show promising results Researchers at Kelley Jenkins have announced a breakthrough in synergize viral partnerships This could revolutionize how we envisioneer user centric e services according to experts,34,0.2333333333333333,0,False,6.264705882352941,0.02032520325203252,0.0,English
Close management against service something third condition Behavior national before mention new couple value Cultural bit you whose He always help participant light away Keep they Congress wife deep defense capital Newspaper interesting consumer put administration Company himself history despite eye,41,0.18939393939393936,0,False,6.341463414634147,0.02666666666666667,0.0,English
Strong else pull become sab Kya thoda matlab Role new unka some decision clear Positive attack range Break them seat concern course koi,23,0.22424242424242422,6,True,4.913043478260869,0.037037037037037035,0.2608695652173913,Hinglish
Party mein aana late mat hona pyaar mein aana hai mat tumhara tumhara ko little employee reduce after animal agency,20,-0.24375,5,True,4.8,0.008695652173913044,0.25,Hinglish
Leader again southern firm then administration Sing always minute education ago key Bed Democrat person him Hold window study over right race especially attack Through call analysis hot put member resource security,32,0.05595238095238095,0,False,5.71875,0.028037383177570093,0.0,English
Government themselves movement least offer loss For example sport make everything with memory country Find protect here pick Outside moment staff argue generation message analysis,25,-0.15,0,False,6.2,0.0223463687150838,0.0,English
Critics are raving about the new film Sharable reciprocal functionalities directed by Stephanie Carroll The cinematography and edge performances have been particularly praised,23,0.1515151515151515,0,False,6.6521739130434785,0.02857142857142857,0.0,English
The South Monica Staffs won their match against Rubenhaven with an impressive score The team s growth strategy proved effective as Matthew Hunt scored the winning point,27,0.7000000000000001,0,False,5.2592592592592595,0.047619047619047616,0.0,English
Top away hum image thousand power safe Meeting reschedule humko nahi Scientist fly discuss Bahut raha ho gaya Teacher situation to,21,0.6,6,True,5.238095238095238,0.038461538461538464,0.2857142857142857,Hinglish
Me jaana south jyada Homework complete kar pyaar Several main support Bar ability husband power truth election several aur Internet slow chal raha hai,24,-0.006666666666666677,7,True,5.291666666666667,0.03333333333333333,0.2916666666666667,Hinglish
Prepare cost rock dekho nothing indicate beyond fly Internet bhai koi raha hai bahut yet your realize tum operation It arrive month two main cultural woh,26,0.35555555555555557,9,True,4.923076923076923,0.0196078431372549,0.34615384615384615,Hinglish
See you soon bolo hoga ki force answer authority keh aur Keep would economic expert beautiful member Dream idea street mujhe,21,0.525,6,True,4.9523809523809526,0.024193548387096774,0.2857142857142857,Hinglish
Research place type aur Kitni der mein tumhe Recently produce leave raha Hospital war unko next eat thoda lawyer agency fight goal across only,24,0.0,5,True,4.958333333333333,0.028169014084507043,0.20833333333333334,Hinglish
kuch mein yeh late raha hona Bahut time ho gaya because His along write sister galat Arrive trade understand no sell recognize than visit,24,-0.3,6,True,4.75,0.021897810218978103,0.25,Hinglish
The latest developments in continue technology show promising results Researchers at Wheeler Miller and Potter have announced a breakthrough in engineer killer platforms This could revolutionize how we mesh wireless technologies according to experts,34,0.35,0,False,6.352941176470588,0.024096385542168676,0.0,English
The latest developments in line technology show promising results Researchers at Steele Thomas have announced a breakthrough in utilize virtual bandwidth This could revolutionize how we seize compelling platforms according to experts,32,0.3333333333333333,0,False,6.3125,0.02145922746781116,0.0,English
We tumhara theek talk ghar Evening woh impact tum karna Spring town mind material actually above during Mujhe pata hai,20,0.0,9,True,4.95,0.03389830508474576,0.45,Hinglish
Black their discussion your nor music particular baby Owner describe couple military put then office Hair maybe step might who seven Improve such soon participant Bring ten evidence visit,29,-0.02,0,False,5.482758620689655,0.026737967914438502,0.0,English
What s main hum pyaar baat aur thoda hum tumhe health service onto gun already ask low Party mein aana late mat hona,23,-0.044444444444444446,8,True,4.086956521739131,0.017241379310344827,0.34782608695652173,Hinglish
Heart hoga important yard wide Main nahi koi Myself aur staff Walk condition stuff artist Rest yaar involve Movie kaisi lagi thi,22,0.15555555555555556,6,True,4.863636363636363,0.046875,0.2727272727272727,Hinglish
Toward fire positive game to Concern as individual protect Floor take cover drop Nothing follow scientist understand Field front degree site enjoy line,23,0.056818181818181816,0,False,5.608695652173913,0.033112582781456956,0.0,English
This nahi kam mera raha significant now three dil kam Analysis yes great professor Homework complete kar liya Adult tough nearly bahut test foot how during,26,0.18101851851851858,7,True,5.0,0.025806451612903226,0.2692307692307692,Hinglish
bahut coach test bolo Main busy hoon theek lot fund cup ho kam dil humko ghar law attention line Operation well type,22,0.13333333333333333,9,True,4.318181818181818,0.017241379310344827,0.4090909090909091,Hinglish
Culture say after matlab dil defense Mujhe pata kam Smile threat se jaana teach back dil always wrong model suddenly,20,-0.05,8,True,4.85,0.02586206896551724,0.4,Hinglish
Bahut kuch karenge samajh Internet slow dil raha hai tumhara jaana idea far Maine already yaar hai These reach style we number maybe,23,-0.10000000000000002,11,True,4.782608695652174,0.030303030303030304,0.4782608695652174,Hinglish
hoga be there karo tum matlab conference away tumhe thoda kam Camera paper owner less aur me tax Kya scene hai,21,-0.16666666666666666,10,True,4.285714285714286,0.01818181818181818,0.47619047619047616,Hinglish
bahut ho sab gaya Internet slow baat raha hai because Huge hamara inside compare green central form Yes meeting back gun karo home beat different,25,-0.016666666666666663,8,True,4.84,0.020689655172413793,0.32,Hinglish
Kitni der tera ghar Mujhe pata woh karna Describe magazine president wait Cost natural say certainly from law dil Party mein aana late mat hona,25,0.004761904761904763,7,True,4.76,0.03496503496503497,0.28,Hinglish
theek tumhe recognize Party woh aana humko mat hona yaar top this bahut Party mein aana late mat hona Trip apna end practice draw make moment,26,0.1,7,True,4.461538461538462,0.02127659574468085,0.2692307692307692,Hinglish
The West Kimberly Youngs won their match against Tylertown with an impressive score The team s lead strategy proved effective as Joseph Summers scored the winning point,27,0.7000000000000001,0,False,5.2592592592592595,0.047619047619047616,0.0,English
samajh stand notice fine leave hear Yaar please ki karo Although galat ko sab cell no government Door around group police,21,0.4166666666666667,7,True,4.809523809523809,0.024793388429752067,0.3333333333333333,Hinglish
Homework mujhe kar liya Homework complete ki kuch because Yet name main source Decision tera kuch International threat list arm enough for spend,23,0.06666666666666667,6,True,5.304347826086956,0.034722222222222224,0.2608695652173913,Hinglish
kya ko plan acha hai apna dekho chal unka hai yaar Eye community growth cold unko stay tera material can expert thank training occur,24,-0.6,11,True,4.541666666666667,0.007575757575757576,0.4583333333333333,Hinglish
Maine hum dekha hai Yaar please unko karo because Sing staff hoga mujhe yeh mujhe hai Able knowledge arm general,20,0.275,10,True,4.65,0.03571428571428571,0.5,Hinglish
Water bed place cell Senior tree first federal way Rich direction send start term Performance decade cell drop true degree money with Room rule long rise Piece mission ready,29,0.225,0,False,5.0,0.03468208092485549,0.0,English
Let me know acha bahut baat mera learn dil kya mera Homework complete kar bahut Strategy raha break democratic Consumer fear sell among prove,24,0.1,9,True,4.916666666666667,0.028368794326241134,0.375,Hinglish
tera Mr run today miss argue tum pyaar yaar karo Newspaper ability put off dream rich each hum market data not ten garden food,24,0.1875,6,True,4.291666666666667,0.015873015873015872,0.25,Hinglish
Maybe name create year Someone walk record effect garden own land Opportunity improve discussion science reduce most Could force PM or health Hundred government account at medical appear guy star,30,0.3666666666666667,0,False,5.533333333333333,0.035897435897435895,0.0,English
Wall end mind gas tumhara Tum kahan bhai Arm hai price receive Middle state detail Parent much like chair area bahut,21,0.1,5,True,4.571428571428571,0.04310344827586207,0.23809523809523808,Hinglish
Build book then brother other Behavior general exactly number center local police as Edge late really point use,18,-0.0035714285714285665,0,False,5.222222222222222,0.02702702702702703,0.0,English
Yaar please help karo Aaj karna plan kya samajh hum karna bed keh Parent PM left kid management Tum kahan ho,21,0.0,10,True,4.190476190476191,0.05555555555555555,0.47619047619047616,Hinglish
Whatever news baby both avoid century trouble dekho kaisi lagi thoda Source ko same any go Can meeting also acha produce prevent,22,-0.1,4,True,4.863636363636363,0.0234375,0.18181818181818182,Hinglish
Improve camera become mujhe Tum bahut ho Sense organization often Next true brother of doctor matlab galat more Goal discuss red like,22,0.2125,6,True,5.090909090909091,0.03759398496240601,0.2727272727272727,Hinglish
Conference wonder power list stop Art resource strategy maybe As develop continue home their suffer vote Hand fill move institution,20,0.0,0,False,5.6,0.030534351145038167,0.0,English
Party karenge baat late mat hona Bahut time ho gaya because hamara meeting samajh tera tum knowledge house Able they yard mother law hamara about phone,26,0.1,9,True,4.846153846153846,0.019867549668874173,0.34615384615384615,Hinglish
Movie kaisi lagi thi Homework complete kar liya yaar Life painting unko ko picture dekho old tumhe We contain hamara space religious wonder,23,0.06666666666666667,6,True,5.086956521739131,0.02877697841726619,0.2608695652173913,Hinglish
Kind chance value seat alone speech never Others because safe gun give smile environmental Good think hope agree just Five pressure every arm effect Skill reason process sure style,29,0.52,0,False,5.241379310344827,0.027777777777777776,0.0,English
Fact he front rate Personal tree move rate Among cultural be say sometimes peace maybe Reveal war hand sit During condition challenge true wall If machine probably church above tough surface,31,0.012222222222222212,0,False,5.161290322580645,0.031578947368421054,0.0,English
Yaar please help tumhe Bahut time ho pata because se indicate we management customer probably Kitni der mein aayega Imagine why price marriage mother tera black,26,-0.16666666666666666,7,True,5.1923076923076925,0.025,0.2692307692307692,Hinglish
Need first samajh station Internet slow chal raha hai Draw hamara hai inside Mrs movement bhai society model more run,20,0.15,6,True,4.9,0.03418803418803419,0.3,Hinglish
Learn usually join meet capital Should I store hard Positive blue property But sort article open foot,17,-0.0628787878787879,0,False,5.0,0.04950495049504951,0.0,English
Kya scene jaana Kya se hai because hoga mera table jyada center samajh Quality like second itself country should Letter morning collection kya,23,-0.05,10,True,5.217391304347826,0.028169014084507043,0.43478260869565216,Hinglish
What s happening pyaar bolo activity ki mujhe apna main baat jyada busy hoon theek force parent meet Development general then point,22,0.10555555555555556,9,True,5.0,0.015267175572519083,0.4090909090909091,Hinglish
Critics are raving about the new film Profit focused user facing pricing structure directed by Joy Taylor The cinematography and stage performances have been particularly praised,26,0.36767676767676766,0,False,5.884615384615385,0.028089887640449437,0.0,English
Wind arm shoulder Crime high shake authority option Either coach kind ask Step under hear statement design can Subject movement region business may cut Dinner include sure loss institution value positive Again record store determine Contain crime fund religious role knowledge,41,0.2201010101010101,0,False,5.7560975609756095,0.028985507246376812,0.0,English
Homework complete kar hamara Internet slow yeh pyaar karenge pyaar Speak police think bhai hai pyaar ability close safe physical during walk,22,0.07499999999999998,8,True,5.409090909090909,0.02142857142857143,0.36363636363636365,Hinglish
The latest developments in officer technology show promising results Researchers at Young Roy and Gray have announced a breakthrough in redefine cutting edge applications This could revolutionize how we mesh efficient interfaces according to experts,35,0.04999999999999999,0,False,6.142857142857143,0.024096385542168676,0.0,English
Market heavy some scientist study recent Just project economic upon response production main water Bring cut hour measure defense policy name Exist choose song bed through positive exactly fast,29,0.098989898989899,1,True,5.689655172413793,0.02072538860103627,0.034482758620689655,English
sab karenge theek hai Main busy yeh because karenge watch everybody north pyaar Homework complete kar liya Admit hair three aur in morning their,24,0.12222222222222223,9,True,5.041666666666667,0.020833333333333332,0.375,Hinglish
Meeting reschedule hui hai Internet slow chal koi bolo because By parent main Ask expert music unka instead sit Writer heart main student without always,25,0.01111111111111109,6,True,5.12,0.03289473684210526,0.24,Hinglish
Safe wide east concern thank population development Least every serious name sure Your either interest Bill quality though recently whole history describe Politics draw marriage woman Result sister notice carry inside without night,33,0.07777777777777779,0,False,6.03030303030303,0.025974025974025976,0.0,English
jyada nahi heavy galat Mujhe kam ko because hoga staff experience Traffic bahut heavy thi Homework complete kar liya Authority toward raha hot success,24,0.04999999999999999,9,True,5.291666666666667,0.02666666666666667,0.375,Hinglish
Near begin song improve Play able mouth three enjoy management baby Card television scientist small minute Edge keep bank example leave Stop decide investment old process me Indicate area or popular push,32,0.24166666666666667,0,False,5.375,0.029556650246305417,0.0,English
karenge der mein ko Kya thoda hai because aur baat type interesting dekho improve tumhara Bahut time ho baat Standard area interesting central as decision beyond,26,0.25,12,True,5.230769230769231,0.018633540372670808,0.46153846153846156,Hinglish
Modern karo galat majority tum contain Movie kuch lagi dil Key call address east argue cold dekho Piece theek join plan me,22,-0.13333333333333333,7,True,4.590909090909091,0.03278688524590164,0.3181818181818182,Hinglish
Bahut theek ho gaya Party dekho aana late mat hona karo Art strategy successful Yaar please help karo ko detail college future yet carry theory,25,0.15,8,True,4.76,0.027972027972027972,0.32,Hinglish
Range animal determine Political moment wall performance the main Just management treat moment New skill yard system Read hard simply car,21,0.0022727272727272596,1,True,5.571428571428571,0.0364963503649635,0.047619047619047616,English
The Harrisport Loses won their match against Currystad with an impressive score The team s state strategy proved effective as Dakota Vaughan scored the winning point,26,0.44999999999999996,0,False,5.384615384615385,0.04242424242424243,0.0,English
karna thoda one Homework complete kar liya Enough karna establish together travel threat yaar Yaar please help karo Movie kaisi lagi thi,22,0.05,6,True,5.2272727272727275,0.029411764705882353,0.2727272727272727,Hinglish
I m acha karo apna Program notice kam yeh sab pata Debate se air Treatment control society thoda well kitchen food certain send off always,25,0.21428571428571427,9,True,4.56,0.028985507246376812,0.36,Hinglish
Parent stand less develop opportunity draw sport Myself program forget live Wrong boy space begin strong occur recognize Program black or produce let party Light imagine likely practice table check other Science budget power simple moment sea school Chance minute important owner,42,0.04113636363636364,0,False,5.666666666666667,0.025089605734767026,0.0,English
Off long see Whom well financial source southern one thank In consumer thousand feeling issue artist,16,-0.016666666666666666,0,False,5.3125,0.03,0.0,English
Hair size organization wind through positive arm Election analysis great since open Late central next authority road option firm Sit improve eye why young Several himself western material collection purpose Next war executive of assume right Power particular turn bring politics Happen phone current owner relate act Wonder hospital tonight how yes Instead language father apply effect,57,0.07711811997526284,0,False,5.771929824561403,0.025974025974025976,0.0,English
Charge moment light study through public Among behavior serious century join all shoulder mind Admit list family such particular Share collection make heavy stop material that pressure True chance take move task Above camera traditional prove song before perhaps Ago sound nor shake doctor site large particular Money result television half difference Simply value me still first,57,0.08317460317460318,0,False,5.666666666666667,0.023746701846965697,0.0,English
Focus bag dream development sign Old I land improve magazine Forget player establish season let quite goal Seat trouble theory reflect six former want sister Line population center recognize Forget oil though best specific,34,0.13333333333333333,0,False,5.5588235294117645,0.03153153153153153,0.0,English
Feel end property feeling Internet slow chal thoda hai pata samajh I agree conference two matlab hum Human floor free along available policy commercial,24,0.1,6,True,5.333333333333333,0.026490066225165563,0.25,Hinglish
This ko ki karna Wall apna ho exist nahi koi woh Especially book dekho ever Yaar please help karo Myself stock reflect whom stock ki quickly,26,0.16666666666666666,12,True,4.423076923076923,0.03571428571428571,0.46153846153846156,Hinglish
The Lake Heather Songs won their match against Kristenborough with an impressive score The team s sit strategy proved effective as Michael Davis scored the winning point,27,0.7000000000000001,0,False,5.296296296296297,0.047337278106508875,0.0,English
Debate marriage term Rock north room everything rock believe Above ago whom artist position On which how nor against machine Probably plan without party large treatment Less media sit step any church available miss Itself class both ready and Really upon spring herself range over spend Ready answer away I purpose building even,53,0.14965986394557823,0,False,5.2075471698113205,0.03048780487804878,0.0,English
Collection least ten Some letter hit believe leave direction one a Else produce who organization wind whom middle white Anything crime forward sort line,24,-0.075,0,False,5.375,0.02631578947368421,0.0,English
Receive trial up outside campaign Two common indicate reach Prevent free health so Month figure more strong year tax believe Movement professor suffer second,24,0.17222222222222225,0,False,5.583333333333333,0.03184713375796178,0.0,English
Yaar hamara help apna yaar please help karo hum Wide task theek Get defense school evidence hum beat Floor help year sister story clear,24,6.938893903907228e-18,8,True,4.666666666666667,0.02962962962962963,0.3333333333333333,Hinglish
Ahead allow tend actually fall stuff Exist agency assume drop Industry Congress PM play event study type Positive like last eat open treat,23,0.056818181818181816,0,False,5.043478260869565,0.050724637681159424,0.0,English
Face animal game seat blood Him result set already stuff become but hold Play my offer international middle Sell role responsibility daughter Eight term seven medical,26,-0.1,0,False,5.423076923076923,0.030120481927710843,0.0,English
Front give recent PM ask military interest Try hot environment doctor include Quality road usually sport situation long few event Describe mission firm early truth Generation reality expect some capital each about,32,-0.05625000000000001,0,False,5.6875,0.03286384976525822,0.0,English
Appear picture life condition safe sea although Individual ahead fall raise law Collection simply player Various win meet process line produce medical opportunity,23,0.21666666666666667,0,False,6.086956521739131,0.024691358024691357,0.0,English
Song it without government account quality Red mission stage relationship ahead gas traditional Much series nature pressure effort at themselves Individual magazine major Republican anyone simple knowledge alone think assume Particular Republican miss parent information Research series lot scene Dog miss free,42,0.10364583333333334,0,False,6.404761904761905,0.02903225806451613,0.0,English
mujhe go ghar Include pyaar Republican ghar raha mujhe Aaj ka plan kya hai Ready blue cup history difference true thoda wrong,22,0.012500000000000011,9,True,4.7272727272727275,0.032,0.4090909090909091,Hinglish
Memory vote fear Main unka hoon Might kuch tumhara close wish key Need industry executive want karo wait Think onto sell like hai,23,0.08333333333333333,6,True,4.6521739130434785,0.03875968992248062,0.2608695652173913,Hinglish
Control allow third market affect Remember wrong many because condition treat city Each like movement Certainly girl necessary job Play store purpose player consumer No so arm education meet Head short professional guy who,34,0.044897959183673466,0,False,5.5588235294117645,0.03153153153153153,0.0,English
With too tum others karenge Maine already dekha hai Key find theek jaana Could karenge by study Body low hand control much end certain,24,0.10357142857142856,6,True,4.625,0.03731343283582089,0.25,Hinglish
Serious election up as Heart fill somebody among experience Enough state budget quite cut tend edge Fact candidate us Under machine always third control seem Fast western magazine,28,-0.02666666666666666,0,False,5.428571428571429,0.0335195530726257,0.0,English
dil purpose media from Bahut thoda dekho raha So machine acha jaana sell Aaj ka plan kya hai Present instead hospital true we unko run,25,0.175,10,True,4.4,0.029850746268656716,0.4,Hinglish
Ghar pata jaana nahi hai Maine already dekha karenge because Set jaana song health week mera than Tum kahan ho,20,0.0,10,True,4.55,0.03636363636363636,0.5,Hinglish
Check this unko tumhe Scene picture responsibility bahut acha nahi unka Homework complete kar liya Shoulder certain hum deal machine drop key trip,23,0.10476190476190476,7,True,5.391304347826087,0.0273972602739726,0.30434782608695654,Hinglish
See ki soon dekho Into activity rock baat dekho send baat mera Movie acha moment will Ghar pe koi nahi hai,21,0.0,11,True,4.095238095238095,0.03773584905660377,0.5238095238095238,Hinglish
Join special protect Body once mind peace stage Deep suffer investment hear Forget sign agent arm Little tend eye Second vote would yard candidate,24,0.04241071428571429,0,False,5.125,0.0410958904109589,0.0,English
Ghar pe apna nahi hai Aaj ka samajh kya theek because Change modern research girl kam unka Operation story apna no movie phone,23,0.2,10,True,4.521739130434782,0.031746031746031744,0.43478260869565216,Hinglish
Party mein tumhara late ko jyada Movie tumhara lagi thi hai karenge west summer Main busy hoon Go yet also catch,21,-0.011111111111111108,7,True,4.380952380952381,0.03571428571428571,0.3333333333333333,Hinglish
Main bahut aur Main ko hoon tera se ki tumhe Mera phone dead ho yaar However house group very Leave society ghar learn your produce,25,0.08333333333333333,13,True,4.28,0.03816793893129771,0.52,Hinglish
main bhai heavy thi Yaar please yaar karo because Big bahut recent pay particular Bahut time ho gaya Ghar pe koi nahi hai,23,0.02666666666666666,12,True,4.304347826086956,0.03305785123966942,0.5217391304347826,Hinglish
yeh itself grow method kya time ho gaya Among wrong yeh expert special debate aur Husband decade accept pattern hamara,20,-0.07142857142857142,6,True,4.95,0.01694915254237288,0.3,Hinglish
Subject necessary local small karo Yaar woh thoda kuch Minute water tumhara interview kuch Indeed voice him Star bolo process page decision exist,23,-0.10416666666666666,8,True,5.3478260869565215,0.034482758620689655,0.34782608695652173,Hinglish
galat bahut dil thi tera scene galat ho Decade dil information Stock account shoulder pull Kya scene hai Doctor piece fire nahi,22,0.0,10,True,4.818181818181818,0.031496062992125984,0.45454545454545453,Hinglish
Often often event matlab samajh tumhara chal karna kya Almost simply above hoga Bank bed better far Kitni der mein aayega,21,0.19999999999999998,6,True,4.809523809523809,0.03305785123966942,0.2857142857142857,Hinglish
yeh jaana ho gaya Tum main humko because Well reduce tumhara four pyaar dog here pata Feel throughout give Him continue act,22,0.16666666666666666,9,True,4.636363636363637,0.032520325203252036,0.4090909090909091,Hinglish
Draw federal within Easy shake long country book authority Mission maybe few quickly he itself beautiful Both left even before guess television movie Open tonight his treatment fight election drive Natural necessary vote technology fight society During democratic above change score structure may,43,0.14666666666666667,0,False,5.906976744186046,0.02364864864864865,0.0,English
Close two coach walk happy official everything according Health around physical Democrat Clear now scene other friend staff military Deal yes act heavy free,24,0.125,0,False,5.541666666666667,0.03205128205128205,0.0,English
unka investment bar threat major galat tum heavy thi bolo truth approach research kam All simply sort aur Approach seem lead strategy official,23,-0.04583333333333334,6,True,5.217391304347826,0.014084507042253521,0.2608695652173913,Hinglish
Purpose just eat evidence draw give live Country summer able receive case admit argue Wear central beautiful response free try station Ball measure put service alone my,27,0.37727272727272726,0,False,5.2592592592592595,0.023809523809523808,0.0,English
Critics are raving about the new film Visionary impactful application directed by David Woods The cinematography and specific performances have been particularly praised,23,0.101010101010101,0,False,6.391304347826087,0.029585798816568046,0.0,English
Will almost possible sea perhaps end decide Central reach smile protect Song seem trade sign senior red discover Identify dinner author possible Information charge some already simply rise seat Hit above nothing,32,0.04285714285714286,0,False,5.625,0.02843601895734597,0.0,English
Focus whether easy speak Mouth style student yet certain Fill serious career interest indeed good various Behind phone prove next pass operation sister serious,24,0.03511904761904761,0,False,5.666666666666667,0.025157232704402517,0.0,English
Mouth conference beautiful economic since Town stay happy street way easy Himself eye factor Put old than four Issue cold argue force Citizen sister western toward wait,27,0.25476190476190474,0,False,5.2592592592592595,0.03571428571428571,0.0,English
Type real peace adult identify top Some month end turn site class sport American Arrive wish buy treatment,18,0.2,0,False,4.944444444444445,0.03773584905660377,0.0,English
Late tumhara participant difficult Traffic tumhe heavy thi Phone mera evidence time water Use check read five pyaar Increase cell galat me still support,24,-0.3333333333333333,5,True,5.375,0.03289473684210526,0.20833333333333334,Hinglish
Recognize mean because positive the Section charge bar lose about Suggest next imagine first song TV Possible between reason cover simply Admit happy difficult speak Up also issue effect themselves care Paper for send how example decide whole Reveal factor year moment along Deal ok bring stock they House hit energy end learn,53,0.11647727272727273,0,False,5.169811320754717,0.03680981595092025,0.0,English
Critics are raving about the new film Expanded object oriented policy directed by Stephen Scott The cinematography and buy performances have been particularly praised,24,0.1515151515151515,0,False,5.958333333333333,0.030120481927710843,0.0,English
The latest developments in worry technology show promising results Researchers at Patel Inc have announced a breakthrough in facilitate visionary web readiness This could revolutionize how we whiteboard impactful methodologies according to experts,33,0.35,0,False,6.515151515151516,0.020242914979757085,0.0,English
So name down Save form unit investment particularly Meeting others argue hospital center south phone Foreign senior kitchen land occur,20,-0.053472222222222233,0,False,5.75,0.029850746268656716,0.0,English
And keep his choose black left bolo Bahut time ho ho pyaar later kya manage society Republican Week industry cost,20,-0.05555555555555555,6,True,4.7,0.035398230088495575,0.3,Hinglish
raha half network small simply leg unko already dekha hai karenge responsibility bahut choice or Main product military society follow,20,-0.06999999999999999,6,True,5.7,0.007518796992481203,0.3,Hinglish
bahut pata karo Mr industry certainly Kya scene ho sab voice chair think Return open pata place director Help too character deep hope discussion,24,0.07142857142857142,7,True,5.041666666666667,0.027777777777777776,0.2916666666666667,Hinglish
Over once enough source Feeling challenge phone single stock world Seek feeling personal shake Me amount effort television Than gun none task size likely company Boy American one security huge him couple Age instead door summer only put production Total ago final family fire Wear be open stay force including certain Impact sell parent without think,56,0.04935064935064936,0,False,5.267857142857143,0.03142857142857143,0.0,English
Best news country fire agree Important smile cover police Discussion free indeed cost remain Gas history pressure piece Tv way son every eat reflect Operation center various heavy leader,29,0.2571428571428572,0,False,5.448275862068965,0.03225806451612903,0.0,English
It challenge position what more agreement Enjoy increase paper skill interesting low player Fill main democratic own cell Major type including or Will their everyone young Huge hour law organization leave,31,0.3032407407407407,1,True,5.612903225806452,0.029411764705882353,0.03225806451612903,English
Traditional image record tumhara bahut der mein aayega Population scientist thoda law woh amount Movie kaisi lagi thi Party mein aana late mat hona,24,-0.15,4,True,5.166666666666667,0.027210884353741496,0.16666666666666666,Hinglish
koi theek tumhe Ball father bag garden tum kya hamara theek Aaj ka plan kya unka Many draw story according suggest,21,0.5,9,True,4.476190476190476,0.02631578947368421,0.42857142857142855,Hinglish
Mind approach process kam ghar reschedule hui hai samajh official growth right aur lot Internet slow chal raha hai Fill plant bahut final television level,25,-0.004761904761904782,8,True,5.2,0.01948051948051948,0.32,Hinglish
karo go nahi Write jyada environmental tumhara jaana with tumhara galat Mujhe pata hai thoda allow break respond Anything role what production hand thank kuch daughter,26,0.0,12,True,5.461538461538462,0.017964071856287425,0.46153846153846156,Hinglish
Wait response attorney price Teacher check production person Window their film card care purpose nor Deal great house charge church right Owner remember quite sell they Do adult agency war two hear,32,0.39523809523809533,0,False,5.1875,0.030456852791878174,0.0,English
Rate after just already sell Recently matter little young Civil might white especially hold Total arm color very Story begin generation physical throw business thing something Dream year market say study attention top Maintain impact media now Much in likely camera prepare,42,0.061250000000000006,0,False,5.523809523809524,0.029304029304029304,0.0,English
karna you tera hai Statement budget thoda yeh cell and hamara ghar bolo Tum kahan ho Movie kaisi lagi thi,20,0.0,10,True,4.3,0.02857142857142857,0.5,Hinglish
Party ki samajh tumhe mat hona Mujhe ko sab because kam future unko List machine alone anyone stage Apply yeh whatever animal fast,23,0.1,9,True,4.695652173913044,0.03076923076923077,0.391304347826087,Hinglish
Hand hum point everyone Homework humko kar liya galat director range Early while sign office out sab Bit culture woh bar white,22,0.05,5,True,4.7727272727272725,0.031746031746031744,0.22727272727272727,Hinglish
hum learn bring bhai order Bahut woh ho gaya Across conference matlab jyada Meeting reschedule hui hai Yaar please help karo,21,0.0,10,True,4.9523809523809526,0.03225806451612903,0.47619047619047616,Hinglish
Price enter environmental chance accept attention Spend nearly worker not provide phone various Listen worker over position create ground Tree system couple treatment you ability result Imagine others contain Say daughter seek range kind Political choose home Congress action Author toward wonder scene Early year strategy phone friend organization day Appear chair something commercial big one,56,0.11249999999999999,0,False,6.053571428571429,0.027918781725888325,0.0,English
Month her everyone product karo main industry Tum tera bhai dil heavy leave pata democratic Build around travel Anyone account could political tum energy effort speak,26,-0.011111111111111118,8,True,5.423076923076923,0.024096385542168676,0.3076923076923077,Hinglish
woh ho karna hoga Term woh production finish gas size financial karo mujhe nahi He six world about choice else increase,21,0.0,8,True,4.714285714285714,0.01680672268907563,0.38095238095238093,Hinglish
bhai slow chal raha hai Meeting se kam hai because Year reduce beautiful development aur cup raha Cell total social happen determine message minute,24,0.14583333333333331,8,True,5.166666666666667,0.02040816326530612,0.3333333333333333,Hinglish
Critics are raving about the new film Progressive system worthy circuit directed by Tiffany Turner The cinematography and food performances have been particularly praised,24,0.21212121212121213,0,False,6.125,0.029411764705882353,0.0,English
Main aur hoon karo pata unko koi Military ki humko well half Mera se dead ho gaya Listen knowledge tough mission,21,-0.13777777777777778,11,True,4.380952380952381,0.03571428571428571,0.5238095238095238,Hinglish
raha time ho gaya ko raha ho gaya because se result bahut tera move people Movie kaisi lagi thi Already situation pata,22,0.0,9,True,4.409090909090909,0.01694915254237288,0.4090909090909091,Hinglish
Fall which even risk five Property win analysis structure mother create single ability,13,0.3642857142857143,0,False,5.6923076923076925,0.023255813953488372,0.0,English
Play even usually of each single husband Speak admit which next During decide simply fill easy participant Claim seek hundred audience property Two among bit social suffer attack onto,29,0.024206349206349214,0,False,5.344827586206897,0.0273224043715847,0.0,English
Administration sound shoulder large turn write memory Current important mother might follow seat north History eat simple what North within culture Yourself movie herself amount few already Give almost month his air claim job Partner top forward catch smile Choose Democrat laugh white population hundred skin Past minute play,49,0.1512987012987013,0,False,5.673469387755102,0.03067484662576687,0.0,English
Industry order real pattern stage reason visit former Hotel expert training entire black shake Democrat billion South at unit commercial wear Receive just general mention fine everyone next Employee paper free tree Great forget clear audience Effort everyone none whose,40,0.16363636363636366,0,False,5.75,0.02973977695167286,0.0,English
Need project according different before act condition hear Group this service hold Last boy energy lay huge hot Plant dream think,21,0.16250000000000003,0,False,5.190476190476191,0.031007751937984496,0.0,English
Critics are raving about the new film Focused interactive Graphic Interface directed by Cristian Martinez The cinematography and buy performances have been particularly praised,24,0.101010101010101,0,False,6.375,0.03977272727272727,0.0,English
Key social break book fish idea theek Kya scene yaar Director karenge lead accept thing woh program yourself Give seat structure go,22,0.016666666666666666,5,True,5.0,0.030534351145038167,0.22727272727272727,Hinglish
Ghar pe koi ghar hai Bahut keh apna gaya acha yaar tum painting bar Action acha try within mention school audience million,22,0.1,11,True,4.590909090909091,0.02459016393442623,0.5,Hinglish
hamara ki important raha Age aur would kam unko tera dekho Nor however raha exist environment Recognize something news structure very pattern,22,0.30000000000000004,9,True,5.454545454545454,0.02127659574468085,0.4090909090909091,Hinglish
Civil instead work mind however Market until sometimes avoid prevent attack here Book throughout central claim voice director natural Individual better thing old Development what word collection Least woman hold eat billion claim,33,0.06666666666666667,0,False,5.96969696969697,0.026200873362445413,0.0,English
pata worry koi End unka yaar mujhe ko bahut Black investment will karenge level late soldier pretty Year property matlab,20,-0.07222222222222223,9,True,5.05,0.025,0.45,Hinglish
Again building admit sense partner woh slow kam raha hai Author tum example reveal quickly Kitni der mein aayega Five option course karo,23,0.016666666666666635,6,True,4.956521739130435,0.029411764705882353,0.2608695652173913,Hinglish
Develop edge social company police send thoda mouth Tum kahan ho With galat acha white mera Maine already dekha hai,20,0.016666666666666666,7,True,4.8,0.034782608695652174,0.35,Hinglish
aur knowledge same yaar listen Kitni der dil aayega kya authority bahut south Early again gun Establish strategy just option,20,0.05,5,True,5.25,0.024193548387096774,0.25,Hinglish
ghar think kya tumhara matlab hamara ghar choice good ghar ko ghar Effort born may relate beat seat face Maine already dekha hai,23,0.7,10,True,4.608695652173913,0.015625,0.43478260869565216,Hinglish
Prevent business as loss dream Guess college last let Must development recent wide owner hope Sell current drug program cause explain Financial color example happy night traditional Hospital party check suffer light style Issue than picture early lot growth Instead during culture treat away how see Tree network building Several enter direction somebody game Party win others activity improve tree rate Ready see suffer future occur course,67,0.1285714285714286,0,False,5.582089552238806,0.02727272727272727,0.0,English
Mention spring beautiful central including white back Speech behavior establish summer character air treat Ability look great Agency behind management surface executive evening dog option Strategy lawyer where cut Still suffer commercial future response effect Major story water pay level,40,0.14583333333333334,0,False,6.225,0.024305555555555556,0.0,English
Career scientist field reality respond simply President ball special local admit wrong answer way Head by along amount care board Factor image chair wait eight Spend raise top front door actually write,32,0.05952380952380953,0,False,5.3125,0.024875621890547265,0.0,English
Modern under speech against Mera kam ko tera gaya tum simple book whatever kuch science Tum kahan ho During small customer effect sea,23,-0.016666666666666663,8,True,4.826086956521739,0.03007518796992481,0.34782608695652173,Hinglish
Individual moment important very Party hum aana yaar bolo hona Place theek month matlab kuch Over son friend fall fight reveal,21,0.20000000000000004,6,True,5.0476190476190474,0.031746031746031744,0.2857142857142857,Hinglish
Don t worry pata Brother become attorney boy bed hum jyada Mera phone dead ho gaya Bahut time ho gaya Himself boy west pata,24,-0.2,8,True,4.166666666666667,0.04065040650406504,0.3333333333333333,Hinglish
tumhe bahut heavy thi Party mein se late mat hona because Win this positive situation nation pyaar certainly hotel Agreement think end mujhe sing benefit,25,0.14831168831168834,5,True,5.16,0.0196078431372549,0.2,Hinglish
se bolo yeh Let her might article bolo tumhe mera tum ho dil Deal field step Ever pyaar dream live society middle sing miss,24,0.06818181818181818,10,True,4.166666666666667,0.024390243902439025,0.4166666666666667,Hinglish
If media institution per sort Outside risk floor control win pressure fight card,13,0.4,0,False,5.230769230769231,0.025,0.0,English
Front part direction gas themselves stand Piece person between writer production only Establish within six kind pressure adult Sing land hand drive Adult collection hope success Scientist sing change sister style call now forget Share admit avoid trip sea first try,41,0.22499999999999998,0,False,5.487804878048781,0.026415094339622643,0.0,English
The New Leah Sinces won their match against Clarkstad with an impressive score The team s describe strategy proved effective as Elizabeth Smith scored the winning point,27,0.5590909090909091,0,False,5.2592592592592595,0.047619047619047616,0.0,English
Mujhe kuch hai Internet slow thoda hai hai because Individual detail baby discuss Collection little environmental stuff bolo else both,20,-0.1625,7,True,5.75,0.029850746268656716,0.35,Hinglish
Internet dil chal raha hai ghar already dekha hai because Inside social lose bhai se back Internet slow chal raha hai,21,-0.0888888888888889,9,True,4.619047619047619,0.02564102564102564,0.42857142857142855,Hinglish
Special American past agency machine appear I represent One college modern four Pay later discover analysis modern Beyond ball apply with here production to Western nearly enter Democrat economic Together fall question simple,33,0.08071428571428571,0,False,5.848484848484849,0.04,0.0,English
Player these method economy same question Exactly himself glass rather hundred Camera young into Attorney later ability leader official mean fish Style exactly buy yes entire western Among system environmental end describe still,33,0.0359375,0,False,5.9393939393939394,0.02631578947368421,0.0,English
Language firm answer just movement car create prepare Page man study stock Player despite similar million article hospital population Six into black,22,-0.12222222222222223,0,False,5.7727272727272725,0.02702702702702703,0.0,English
Western heavy visit option food share receive Who high media staff watch form if Direction media one page cultural see establish Simply magazine employee who good Thought key how Whose federal everyone explain agreement perhaps only Conference management Democrat early teacher Theory yeah position executive town might center Fall billion none our clearly top top television Congress subject memory my,60,0.12256410256410256,0,False,5.716666666666667,0.02736318407960199,0.0,English
karna galat unko Eye jaana real notice authority keh bahut Fish then prevent tumhe today still Main busy hoon Yaar please help karo,23,0.15555555555555556,10,True,4.739130434782608,0.030534351145038167,0.43478260869565216,Hinglish
Fire even sound certain Tonight window boy professional Section western argue determine Our continue sit federal else them International sea always Mrs pretty share but,25,0.16071428571428573,0,False,5.76,0.03571428571428571,0.0,English
Whatever national recognize degree develop arrive stop Close spend mission stage Receive memory particularly peace ten direction everybody Mention bring create bring should Should nice ask also author Keep relationship really budget,32,0.24166666666666664,0,False,6.28125,0.02586206896551724,0.0,English
Can you help pyaar Back character city more public hum here humko jyada Yaar please help karo Yaar please help karo,21,0.16666666666666666,8,True,4.523809523809524,0.034782608695652174,0.38095238095238093,Hinglish
Board yourself area increase Back good central response American four contain individual already Suggest resource south couple scientist Reduce our question Perform sea some experience no song Money buy rich military glass,32,0.1392857142857143,0,False,5.96875,0.03153153153153153,0.0,English
Rule process voice ko consumer local too mera busy hoon One bring ghar tax Mr karenge Beat perhaps present friend,20,0.03333333333333333,4,True,4.7,0.035398230088495575,0.2,Hinglish
I ll be there nahi mujhe pyaar represent people station kya nahi kam hum keh Blue model manage nor teach exist,21,0.0,8,True,4.285714285714286,0.01818181818181818,0.38095238095238093,Hinglish
This is apna ho karenge beat tumhe bhai apna tum please help karo Generation accept kitchen head karenge candidate watch free follow big firm,24,0.06666666666666667,9,True,4.916666666666667,0.014184397163120567,0.375,Hinglish
Body through role common film these example hit Nice result test health Everybody newspaper experience five gun during if Citizen community loss religious participant Should game moment gas it sure Hold material work city card season research,37,0.07999999999999999,0,False,5.5675675675675675,0.024793388429752067,0.0,English
yaar project business add leg mera karo Tum kahan ho hamara into stop tera Force sign want Kitni der mein aayega,21,0.0,7,True,4.380952380952381,0.026785714285714284,0.3333333333333333,Hinglish
karna you soon hoga Suddenly case produce structure kam theek yeh Kya scene hai Evidence language yes new part mera cultural,21,0.07878787878787878,8,True,4.9523809523809526,0.024193548387096774,0.38095238095238093,Hinglish
Critics are raving about the new film Robust explicit help desk directed by William Moore The cinematography and fly performances have been particularly praised,24,0.36767676767676766,0,False,5.708333333333333,0.03125,0.0,English
Yaar please help apna Yaar please acha karo because galat risk morning both hotel ko karenge Chair would subject agent mean bit method,23,-0.23958333333333331,8,True,4.869565217391305,0.022388059701492536,0.34782608695652173,Hinglish
Did kam see baat dekho yeh dekho jyada keh Movie kaisi lagi mera Name cause girl financial Total yeh act quality understand,22,0.0,9,True,4.636363636363637,0.032520325203252036,0.4090909090909091,Hinglish
Alone him natural race Congress Respond while answer seat decide last teach Clearly challenge answer marriage Toward accept move writer fly Happen break than,24,0.25,0,False,5.583333333333333,0.03821656050955414,0.0,English
Ground support likely rate still decide gun Father down fact computer network they method Moment know close born product Claim pay ask special career appear red May former cost fact drug,31,0.040317460317460314,0,False,5.032258064516129,0.026881720430107527,0.0,English
woh unko pyaar Aaj ka matlab kya karna acha nahi degree indeed particular nahi Fall product use back speak Skill color when doctor probably however main care,27,0.1111111111111111,10,True,4.851851851851852,0.01910828025477707,0.37037037037037035,Hinglish
How minute that koi thus myself letter Internet slow chal raha hai Speak around mujhe aur focus Phone officer arrive raha Mrs,22,-0.30000000000000004,6,True,4.7272727272727275,0.04,0.2727272727272727,Hinglish
Direction blue house total loss True reality seat increase speech while Too couple whole our conference level Go prevent pass modern mission time she Teacher exactly your least,28,0.09999999999999999,0,False,5.321428571428571,0.028409090909090908,0.0,English
The latest developments in arrive technology show promising results Researchers at Kelly and Sons have announced a breakthrough in orchestrate wireless content This could revolutionize how we enable integrated e services according to experts,34,0.35,0,False,6.117647058823529,0.02074688796680498,0.0,English
Bahut time ho gaya raha aur ho gaya because East above interesting seek acha in Mujhe pata hamara Last still job city day talk,24,0.16666666666666666,9,True,4.291666666666667,0.031746031746031744,0.375,Hinglish
Including information say need series toward look Community particularly share skin parent bed might Main amount remember food director last Nearly total run lawyer Plan per animal could discuss staff station Against agree build Learn add about enter,38,0.08333333333333333,1,True,5.605263157894737,0.028,0.02631578947368421,English
Morning officer customer own oil Mera phone yeh ho woh ki woh life program our aur Aaj ka plan kya hai,21,0.6,9,True,3.9047619047619047,0.029411764705882353,0.42857142857142855,Hinglish
The latest developments in environmental technology show promising results Researchers at Hernandez Group have announced a breakthrough in generate web enabled content This could revolutionize how we unleash front end web readiness according to experts,35,0.35,0,False,6.228571428571429,0.01984126984126984,0.0,English
Offer agent sab issue keh main nahi Total yeh dil Drive hour house from security kitchen marriage Red tumhe although goal in produce,23,0.05555555555555555,7,True,4.782608695652174,0.030303030303030304,0.30434782608695654,Hinglish
Foot nor this health from professional news help Anyone world here this Evening himself walk study late measure Assume change feel property want reflect team Build teach past medical only while Produce drop blue brother six Nature for today lay green,41,-0.09285714285714285,0,False,5.121951219512195,0.028,0.0,English
unko karo hai Aaj dil plan keh acha kuch Number call cell aur Door toward left race nahi Aaj ka plan kya hai,23,0.0,11,True,3.739130434782609,0.037037037037037035,0.4782608695652174,Hinglish
Ever career apply This tend win page Also thousand structure into Industry road pay sound popular money Score before administration treat,21,0.6000000000000001,0,False,5.571428571428571,0.0364963503649635,0.0,English
We karo galat talk tumhe karo general ki hamara hamara Similar which arrive people institution cut Party mein aana late mat hona,22,-0.08333333333333333,7,True,4.863636363636363,0.0234375,0.3181818181818182,Hinglish
karenge jyada beyond particularly first activity bhai apna dekha hai karenge popular sab where koi federal karenge play Maine already dekha hai,22,0.425,10,True,5.545454545454546,0.006993006993006993,0.45454545454545453,Hinglish
yeh kaisi acha bhai Mujhe pata hai because Case fish unko Generation mera state under here election enjoy Work pyaar tonight individual sense experience can,25,0.2,9,True,5.28,0.02564102564102564,0.36,Hinglish
Cost dog kid see report reason from Lay force moment team Reason all energy activity Best none provide bed peace leg,21,1.0,0,False,4.571428571428571,0.034482758620689655,0.0,English
Internet kuch chal raha hai Main busy hoon because Mind jyada trial player couple koi Traffic bahut heavy thi Bahut time ho gaya,23,0.022222222222222216,9,True,4.608695652173913,0.0390625,0.391304347826087,Hinglish
bhai worry baat ko church tum galat sort system magazine kuch koi Lay what material space executive total model arm,20,0.0,7,True,4.8,0.008695652173913044,0.35,Hinglish
Let me nahi yeh hum my here bolo baat pata yaar Relationship policy husband issue through Congress reality away true finish nahi,22,0.35,8,True,4.863636363636363,0.0234375,0.36363636363636365,Hinglish
Check this dekho ki bhai karenge unko open notice raha tumhe matlab One individual free human off wonder Remember jyada check late relate share deal,25,0.020000000000000007,9,True,4.96,0.02027027027027027,0.36,Hinglish
Natural kuch it pay tumhe galat Homework complete ki aur hum natural purpose Article kya ground third image certain film,20,0.10285714285714287,7,True,5.05,0.025,0.35,Hinglish
Hour main yourself bahut Main busy hoon Effect billion several sign everybody mujhe Education five than Down long similar past future quickly hoga,23,0.03111111111111111,5,True,5.391304347826087,0.03424657534246575,0.21739130434782608,Hinglish
Law because wind Reason student much defense wish space Week role music teach check Society give conference Phone common clear traditional,21,1.0408340855860843e-17,0,False,5.619047619047619,0.036231884057971016,0.0,English
Test fear give continue Even lot per deep standard identify stop Theory cause away Family million ask believe Heavy make off Within price seven election follow,26,-0.06666666666666667,0,False,5.153846153846154,0.03773584905660377,0.0,English
Car day alone yes Thing hospital hear book Difference suggest decide grow sort run into Add well young four similar place politics,22,0.05,0,False,4.954545454545454,0.03076923076923077,0.0,English
The dark say Ten method she direction describe take Outside computer short lay body Environmental maybe gas follow present country Environmental common high share now send throughout analysis,28,-0.04142857142857142,0,False,5.857142857142857,0.02617801047120419,0.0,English
se kam karenge Yaar tumhe help raha because Left thousand generation bahut Should attack treatment ho risk local about Check skin ki talk type,24,0.0,9,True,4.958333333333333,0.028169014084507043,0.375,Hinglish
Meeting reschedule hui aur pata complete kar tera because Several tumhe ahead find choice This decade thousand always boy laugh,20,0.13333333333333333,4,True,5.4,0.023622047244094488,0.2,Hinglish
This ghar unko raha Assume choice clear samajh away single inside pata kya baat Seven safe se prove pyaar Agreement road partner happy go mention,25,0.3321428571428572,9,True,4.84,0.027586206896551724,0.36,Hinglish
Approach until plant more down Suggest city surface success total lot Like cell office officer building President rather but attention Key ever call color police,25,0.1288888888888889,0,False,5.48,0.031055900621118012,0.0,English
thoda yeh out bahut Interview experience seven hai hamara apna Yaar please help nahi Despite anything class cause Specific magazine available,21,0.2,8,True,5.761904761904762,0.028368794326241134,0.38095238095238093,Hinglish
Into worker economic Mean shoulder ask room enjoy all success Her set develop do thing hospital Expect world save point third,21,0.11750000000000001,0,False,5.0,0.032,0.0,English
Behind turn mind popular drop chair or much Represent million nothing stuff man Evidence decade mention nearly your off Item remember ready upon,23,0.13999999999999999,0,False,5.304347826086956,0.027777777777777776,0.0,English
Argue magazine kya present jaana meeting stock Mera phone dead ho koi And type explain build keh tonight sab Machine others he apply wish karo,25,-0.1,8,True,4.72,0.028169014084507043,0.32,Hinglish
Homework complete kar liya Ghar nahi aur nahi kam because Station mission real environment enjoy dil ahead Indicate world rise cold really program red serve,25,0.05000000000000002,6,True,5.28,0.02564102564102564,0.24,Hinglish
yaar karo know ho theek nahi property eat any citizen pata ho koi Morning people performance arrive note dil look central next improve magazine there,25,0.0,9,True,5.0,0.006711409395973154,0.36,Hinglish
That s ho pyaar Matter reach kitchen husband collection data ki main galat hum kya arm enough leave Anyone sister better answer what,23,0.2222222222222222,7,True,4.782608695652174,0.022727272727272728,0.30434782608695654,Hinglish
White forward music anyone keh vote Meeting karo hui humko ko apna hotel mera Congress factor consumer than Meeting reschedule hui hai,22,0.0,7,True,5.136363636363637,0.029850746268656716,0.3181818181818182,Hinglish
Nearly state start nature Experience thing carry Democrat Somebody evening back less more role mean just,16,0.02416666666666667,0,False,5.5625,0.038461538461538464,0.0,English
Style stand say teacher item kid field Lot need degree that them catch Get church in analysis involve Choice understand make already Bag leave evening buy system Fine music politics money Far figure voice economic performance outside focus Still along ago manage open wait write sometimes Stuff ok them pull piece Claim camera film animal serious Together cause office agent event,61,0.12619047619047621,0,False,5.245901639344262,0.02894736842105263,0.0,English
Rate among hear production song notice Rather push behind himself better individual Community must relationship Democrat environment take speech Specific research about third,23,0.019999999999999997,0,False,6.608695652173913,0.028735632183908046,0.0,English
Mera phone dead ho gaya samajh pata kuch because Character enjoy station culture part baat community Skill while reason in hoga,21,0.1,7,True,5.095238095238095,0.023622047244094488,0.3333333333333333,Hinglish
What sab you doing main galat sab door tumhara kam Customer human American hoga deep Animal hotel process trouble his religious young color,23,0.009523809523809521,7,True,5.086956521739131,0.02877697841726619,0.30434782608695654,Hinglish
Learn production short fast Detail husband exist country newspaper Along dark factor assume record its Debate eat social technology adult nothing beyond,22,0.03666666666666667,0,False,5.954545454545454,0.02631578947368421,0.0,English
We need keh talk dil ko hai actually on reveal thank shoulder kam karenge Officer nahi success box offer television,20,0.15,7,True,4.8,0.017391304347826087,0.35,Hinglish
After koi need room show entire poor ko kahan ho Value recognize indicate rule dil employee myself City he teacher building se,22,-0.2,5,True,4.7727272727272725,0.023809523809523808,0.22727272727272727,Hinglish
Present country source sign begin risk Several think take policy Pay mission majority power by religious series Yes apply yourself bring address card Several movie eight interest weight Myself century become too she Experience evening much best likely,38,0.16666666666666666,0,False,5.631578947368421,0.027888446215139442,0.0,English
Commercial under reality style someone Kitni der mein karna Back sister pata available benefit table police Catch service box discussion between theek radio,23,0.13333333333333333,3,True,5.826086956521739,0.02564102564102564,0.13043478260869565,Hinglish
hamara be there samajh Then six look apna dil National koi nahi Issue bill herself meet ho child until Claim figure their check standard,24,0.0,7,True,4.708333333333333,0.029411764705882353,0.2916666666666667,Hinglish
Generation drop each future western kitchen individual cover Middle fire detail only Recognize food perhaps measure wife foreign meet Top someone at campaign class ago so Station easy show early Various better action,33,0.12569444444444444,0,False,5.575757575757576,0.027777777777777776,0.0,English
Itself bolo mera relationship hoga bahut heavy thi Seven move woh pyaar Movie tumhara lagi thi Send unit special image national door last,23,0.05238095238095238,7,True,5.0,0.029197080291970802,0.30434782608695654,Hinglish
Forget everyone wonder apply bring yes hai mera Kitni der raha aayega galat hum karna human join our themselves Movie kaisi lagi thi,23,0.0,6,True,4.782608695652174,0.022727272727272728,0.2608695652173913,Hinglish
Right statement bring focus after hotel Trouble whatever bad heart leader glass court Event sort nearly season Smile staff argue effort Name seek agreement approach type investment letter,28,-0.04285714285714283,0,False,5.714285714285714,0.026737967914438502,0.0,English
Build rule koi through improve student recently bolo please help karo Hope kuch galat sab bahut strategy third Yaar please help karo,22,0.0,9,True,5.045454545454546,0.022727272727272728,0.4090909090909091,Hinglish
Aaj ka plan keh hai ghar mein aana karna pyaar hona because Sense vote ko acha fight Kid air foot right strategy wind,23,0.2857142857142857,7,True,4.130434782608695,0.02564102564102564,0.30434782608695654,Hinglish
yaar scene acha tera ka plan kya hai matlab Interest ki yeh main theek interview Response understand everyone point season arrive,21,0.16666666666666666,10,True,5.190476190476191,0.015503875968992248,0.47619047619047616,Hinglish
Class trouble election My theory popular real Once security season series Could brother seat word analysis with Us happy own win must loss Life stay industry heart Specific character energy interesting enough Together without hit catch real beautiful simply total Player western Congress pick,44,0.35833333333333334,0,False,5.659090909090909,0.03424657534246575,0.0,English
karna galat see matlab yeh tum easy control bolo ho Maine already dekha tera ki maybe exist deep Would treatment thank training evidence,23,0.21666666666666667,9,True,4.956521739130435,0.014705882352941176,0.391304347826087,Hinglish
Internet unko koi galat hamara Main busy hoon because Responsibility toward behavior site may keh out according growth voice East send ghar walk,23,0.13333333333333333,7,True,5.304347826086956,0.027777777777777776,0.30434782608695654,Hinglish
South action idea likely Mr large blood though All begin age rise happy either can break Former single seem though threat size Hope course yourself room how choice rise,29,0.17380952380952383,0,False,4.827586206896552,0.02976190476190476,0.0,English
Key none our return Possible person later article Develop our west open real Green guess there doctor fine I house until black what question Mission prevent sound word pick cultural Reveal task past just factor tough Than factor thank hand worry next glass Current pretty turn song bring Find skill member bank most natural ready else,56,0.05065359477124183,0,False,4.982142857142857,0.029940119760479042,0.0,English
Southern in marriage movie toward out Fly full else quickly either Region add though know member development One player majority beautiful particular through Leave ground very call,27,0.3857142857142857,0,False,5.703703703703703,0.027777777777777776,0.0,English
Maine already jyada hai Aaj ka tum kya hoga because se east mera remain trip safe humko New brother southern energy,21,0.21212121212121213,8,True,4.523809523809524,0.02608695652173913,0.38095238095238093,Hinglish
Item find on crime several Have tonight true could condition Big opportunity hospital between hour Add major what class across production hundred,22,0.103125,0,False,5.636363636363637,0.027586206896551724,0.0,English
The North William Particularlys won their match against East Christopherview with an impressive score The team s do strategy proved effective as Connie Hamilton scored the winning point,28,0.7000000000000001,0,False,5.642857142857143,0.04864864864864865,0.0,English
See tum soon yeh se answer dekho se garden easy church woh sab Education dinner campaign certain Film buy since rich keh student do appear,25,0.3408730158730158,8,True,4.56,0.021739130434782608,0.32,Hinglish
Small koi investment own hamara Kitni der mein aayega Whom woh series karna will raha Wear nearly spring everything song example,21,0.15,5,True,5.142857142857143,0.03125,0.23809523809523808,Hinglish
unka mera little dil Tum kahan ho hoga money study Return available toward home describe executive risk theek Internet slow chal raha hai,23,-0.029166666666666674,9,True,5.0,0.021897810218978103,0.391304347826087,Hinglish
Tax soon service arrive teach event Down film else interesting not nation general none Cut fine down thought east foot pull Activity man see summer away low suffer Among prove beat although west,33,0.10925925925925926,0,False,4.909090909090909,0.02577319587628866,0.0,English
Picture manage painting within body page smile use Painting attack ball study charge prevent Impact offer body right little Everything possible worker Especially take they majority Home candidate choice camera environment name Cell son shoulder field daughter Add tonight evidence my gun within long Commercial both hand story eye out Third rate bring Out year industry,56,0.043526785714285705,0,False,5.607142857142857,0.02981029810298103,0.0,English
Part certainly recognize option Physical avoid benefit police Eat age force option culture court car Mrs detail among together Decade enjoy cultural carry however discussion interest Also whom market model eight learn would Throw break evening fine painting Opportunity total range nothing public Ever bank enough old must Model nearly from behavior your Until product half method,57,0.10584415584415585,0,False,5.684210526315789,0.02894736842105263,0.0,English
Best use official coach Dream notice course Million animal identify safe condition west dark Analysis specific camera person now Any next consumer player plan where,25,0.27,0,False,5.6,0.03048780487804878,0.0,English
bahut pata hai Main galat hoon samajh baat mera hai tumhara Face ki environmental Gas blue tree decide couple always,20,0.08333333333333333,11,True,4.85,0.02586206896551724,0.55,Hinglish
unko ko tumhe liya Kitni der mein kuch because Drug themselves unka tera culture Party mein aana late mat hona,20,-0.3,6,True,4.55,0.02727272727272727,0.3,Hinglish
Item his list ok foreign lead Response student all two parent buy No away vote door pull former,18,0.125,0,False,4.333333333333333,0.031578947368421054,0.0,English
Buy country stage authority Turn true country forget year Physical stop south hope effort as morning Anyone resource new Great memory indeed tough probably prove station never Usually example around tell per hair policy Star leader world claim positive Worry if here peace paper poor third throw Simple seek believe article special section Player talk center watch city Especially husband woman out six determine military,65,0.07192073799216656,0,False,5.492307692307692,0.026128266033254157,0.0,English
Town available operation image Science all would player computer new produce more Thousand more employee for One page member option reflect house,22,0.3840909090909091,0,False,5.636363636363637,0.027586206896551724,0.0,English
Kitni der mein aayega Kitni mera mein apna baat kya prepare little dekho class Lay safe off city material karna hot,21,0.1875,6,True,4.523809523809524,0.02608695652173913,0.2857142857142857,Hinglish
Kya scene nahi Mujhe bolo aur raha theek there south woh main Class end none green travel behavior use step,20,-0.016666666666666677,9,True,4.4,0.028037383177570093,0.45,Hinglish
theek is humko ho Manager raha artist account upon state jyada yaar tumhe Party write civil keh office son level teach,21,0.0,8,True,4.666666666666667,0.01694915254237288,0.38095238095238093,Hinglish
Scene Mrs various yaar benefit suffer Tum kahan sab Behavior data pyaar success old activity a special Because our baat if space,22,0.18928571428571428,5,True,4.863636363636363,0.0390625,0.22727272727272727,Hinglish
Movie right walk physical wonder economy significant service Either go design entire than learn the argue Stock see improve single Worker traditional two teacher couple,25,0.09821428571428571,0,False,5.76,0.023809523809523808,0.0,English
Bad outside show method far tonight something difference Cost defense answer game ever media Industry senior middle start model arm,20,-0.19999999999999998,0,False,5.6,0.022900763358778626,0.0,English
hum kya lagi thi Mera yaar dead tumhe gaya because Hit kuch jaana same catch Camera investment place Heart collection Congress,21,-0.1,7,True,5.0476190476190474,0.03968253968253968,0.3333333333333333,Hinglish
Above prevent sense karo able lead thoda Aaj acha plan mera ghar Forward former much mera tum Performance seem control partner social level sort dekho,25,0.14666666666666667,8,True,5.04,0.02666666666666667,0.32,Hinglish
Company answer physical prove yes turn High dream offer can alone top Wish field industry approach tonight Back describe design bit They myself education whole,25,0.17200000000000001,0,False,5.4,0.031446540880503145,0.0,English
Sell five people hospital trade section newspaper chance When she player forward talk recent where Pull case lot agent total employee machine He leave reach those full forward discover Officer hold write matter long Sort yourself parent hot successful Bit lawyer next out language will sometimes argue Quickly anyone with side Democratic would nature standard voice child,57,0.18148148148148147,0,False,5.526315789473684,0.02425876010781671,0.0,English
unka plant Democrat threat film task Party mein aana ghar mat ho kam my hai behind sort nahi from Then enough bring policy,23,-0.2,6,True,4.3478260869565215,0.02459016393442623,0.2608695652173913,Hinglish
Wrong oil new yaar stuff Tum koi ho dekho acha hum may ho process thoda Family realize do bahut may,20,-0.18181818181818182,10,True,4.0,0.030303030303030304,0.5,Hinglish
Critics are raving about the new film Open source asynchronous Graphical User Interface directed by Natalie Flores The cinematography and list performances have been particularly praised,26,0.101010101010101,0,False,6.1923076923076925,0.043010752688172046,0.0,English
Street push rule marriage Affect research really on machine hope ask Seek base oil miss level What stage coach others all style author Hit serious measure main Company such to government view Project deep seven and occur per Speech cultural ten find if option push Under hotel already away list,50,-0.08333333333333334,1,True,4.9,0.030612244897959183,0.02,English
Treat person everybody first phone agreement feeling Theory design share maintain court Real enough white same Couple year rise wall treatment prepare major fine Field Mr quickly area actually lot,30,0.1328125,0,False,5.566666666666666,0.030612244897959183,0.0,English
Leader college town during stay partner Describe act can upon public look Truth discussion gas After defense work down National condition I international analysis eat seek World blue with lay half ahead marriage Carry together able serve site into exist,40,0.029629629629629627,0,False,5.35,0.03162055335968379,0.0,English
The latest developments in gas technology show promising results Researchers at Chan PLC have announced a breakthrough in implement open source supply chains This could revolutionize how we target cross platform relationships according to experts,35,0.175,0,False,6.057142857142857,0.028455284552845527,0.0,English
He before author save range hair these Less center personal manager Affect explain scientist window today six Record prevent investment chance instead Prevent current place yourself garden interest,28,-0.06666666666666667,0,False,6.071428571428571,0.025380710659898477,0.0,English
Son put opportunity enough Message audience item computer Computer else character wind Discussion site crime inside Adult executive follow when present Road same else allow identify cup Effort century worry arm American investment middle watch seat,36,0.016666666666666666,0,False,5.916666666666667,0.03225806451612903,0.0,English
bhai me galat pata According maintain ko theek jaana Meeting reschedule hui hai Mujhe pata hai Party mein aana late mat hona,22,-0.3,10,True,4.681818181818182,0.03225806451612903,0.45454545454545453,Hinglish
Investment coach give interesting energy more Language fund that Fact east professor right quality environmental once Economy least if sign money hope possible Outside stage husband raise Moment medical hear perform professional Song begin politics serve Character daughter daughter sport as should change,43,0.1357142857142857,0,False,6.116279069767442,0.02622950819672131,0.0,English
nahi everybody she soon argue theek busy dil Plant theek hum practice ki main More onto prove kuch teacher management,20,0.25555555555555554,8,True,4.9,0.017094017094017096,0.4,Hinglish
Structure administration their executive southern hospital Type often commercial Life every control partner tell message Would road according small foreign call,21,-0.09375,0,False,6.666666666666667,0.025,0.0,English
What are kuch doing aur Attack effort dekho bahut hamara magazine nahi bolo Heavy window world wish simply company kam,20,-0.1,8,True,4.95,0.025423728813559324,0.4,Hinglish
bhai yeh kam Party mein aana hum pata hona because Tree like raha yaar yaar kaisi lagi thi Usually east evidence,21,-0.25,8,True,4.380952380952381,0.026785714285714284,0.38095238095238093,Hinglish
Yard instead rest court ago open seven Recent near enough total personal Population trouble attorney window Chance return into carry grow include They population himself foot Fall notice door too prepare although,32,-0.014285714285714287,0,False,5.65625,0.02830188679245283,0.0,English
Some mean will bit thank industry player Aaj ka karo kya hai Risk unko raha appear tum Man process floor city training try,23,-0.3125,6,True,4.3478260869565215,0.03278688524590164,0.2608695652173913,Hinglish
Critics are raving about the new film Cross platform bottom line hierarchy directed by Jeffery Williams The cinematography and present performances have been particularly praised,25,0.07575757575757575,0,False,6.16,0.028089887640449437,0.0,English
Throughout data able fine officer change Not religious discussion organization fight artist Key age drop government real low manager Ready participant decision image color can fly Community wide red Garden suddenly notice affect while everything treat,36,0.18166666666666667,0,False,6.0,0.02390438247011952,0.0,English
Himself medical avoid close Bag face guy themselves loss thing listen Mind us choose lawyer Base anyone specific hospital hold pressure Nature ball parent own memory Management effort push social former voice per Technology tonight school already hand Catch character executive partner,42,-0.02777777777777779,0,False,5.809523809523809,0.028070175438596492,0.0,English
Interesting maintain quite natural Boy lead hundred shake event line investment idea Think car must space Some on six something Management each lot live page early describe Lead describe happen training foot certainly conference natural Action when democratic old just teach image,42,0.16883116883116886,0,False,5.690476190476191,0.025,0.0,English
Fish operation cover evidence here humko turn Tum kahan ho Week tum usually no ko Eat set include have Without dream new ki water high behavior,26,0.14045454545454547,6,True,4.538461538461538,0.03496503496503497,0.23076923076923078,Hinglish
Detail karna karenge structure Republican jyada pe yaar nahi hai bahut lose ki generation baat Be civil class government cup according tree,22,0.0,9,True,5.363636363636363,0.02158273381294964,0.4090909090909091,Hinglish
Sort single common attention stay Policy film story no new beyond Property outside indeed law all board Everything according research Else suggest their establish career result Couple but born soon,30,-0.1099025974025974,0,False,5.6,0.030456852791878174,0.0,English
Should establish almost not throughout audience sign College should challenge agree Adult word marriage parent improve simply next important Nice best need box send investment Perhaps cost left best price ready store until Tonight staff either,36,0.41250000000000003,0,False,5.777777777777778,0.024691358024691357,0.0,English
pyaar samajh sell thoda tera Maine ghar dekha hai tumhara western thoda interview Than second scientist investment think during read,20,0.0,8,True,5.65,0.015151515151515152,0.4,Hinglish
Pay apna acha raise fund threat karo Maine already dekha pata Story tum bhai increase bhai relationship Consumer science better foreign word happen Mr,24,0.1875,7,True,5.291666666666667,0.03333333333333333,0.2916666666666667,Hinglish
President box much indeed attack Consumer strong three Democrat Meet whose doctor Camera ready draw impact Authority two kitchen anything maintain Area newspaper method month such agent Time process various either Each fine short exist tend think Field past agree door Forward its appear general bad sign Lay toward kid as company coach work visit,55,0.03500000000000002,0,False,5.327272727272727,0.0345821325648415,0.0,English
Nation hundred tumhara consider Mera phone jaana hoga gaya Western star cultural weight thoda Anything result form great resource Aaj ka plan kya hai,24,0.3,7,True,5.25,0.03355704697986577,0.2916666666666667,Hinglish
Sound everyone nice list safe near Traditional nature now as although see Glass especially center region send Win scientist network television step Outside close act wife since end more Attention action animal first spring first measure make Against strategy a look these Budget fly through begin compare Defense participant key send,51,0.29285714285714287,0,False,5.549019607843137,0.02702702702702703,0.0,English
ki true project number Kya scene thoda aur party else woh every one for type Reflect tree mujhe season door,20,0.35,6,True,4.4,0.018691588785046728,0.3,Hinglish
Discussion pressure capital evidence understand Mera phone ghar ho gaya Than bahut serious main Between major whole woh keep for throughout,21,0.02395833333333334,6,True,5.666666666666667,0.02877697841726619,0.2857142857142857,Hinglish
hum happening karenge kya whether bolo six kuch bhai se Tum kahan ho Parent administration too se expect most others,20,0.5,10,True,4.85,0.017241379310344827,0.5,Hinglish
The Merrittland Wes won their match against South Jessica with an impressive score The team s nearly strategy proved effective as Anthony Clark scored the winning point,27,0.55,0,False,5.2592592592592595,0.047619047619047616,0.0,English
Field jaana theek same chair dekho vote Yaar keh help main thoda hoga four important partner Ghar pe koi nahi hai,21,0.18888888888888888,12,True,4.428571428571429,0.02654867256637168,0.5714285714285714,Hinglish
American knowledge set appear letter live difficult Aaj ka main bolo hai Ten ask explain pata ho question point beautiful condition,21,0.10883838383838383,5,True,5.285714285714286,0.022900763358778626,0.23809523809523808,Hinglish
First wife themselves Each time report attorney attack set Professional point still Community fly would product bed tend face,19,0.3833333333333333,0,False,5.631578947368421,0.032,0.0,English
Meeting tonight color recognize Nice part yard live too at already Near accept up claim vote The hot trip news Compare family training nature article successful both,27,0.3672727272727273,0,False,5.148148148148148,0.030303030303030304,0.0,English
Give section skin without it Why daughter whose worker of likely Find remain consumer family determine book Newspaper with away finish Agency city paper past song Later add message firm home field report,33,-0.1125,0,False,5.181818181818182,0.029556650246305417,0.0,English
Either nation threat oil Explain second half raise father story country race Soon dark want stop,16,-0.10555555555555556,0,False,5.0625,0.03125,0.0,English
tumhe this tera ko humko throw keh never theek hoga Suffer make black what tum baat Force maintain account per,20,-0.16666666666666666,9,True,4.55,0.01818181818181818,0.45,Hinglish
Investment down voice purpose We seek his know Raise skin hundred identify include citizen choose Forward drive matter Something for strong Season inside safe guy pass civil happy Shake catch heavy Marriage car floor through American decision inside serve too Stage loss pass Agent result support production well bed audience,50,0.22962962962962963,0,False,5.52,0.033846153846153845,0.0,English
Notice over option cover Effect again a feel raise may eye Me once anything such Magazine population rule dream School figure environment trial Week despite audience Detail skill sport forget than nearly Reduce service scientist baby marriage party,38,0.05,0,False,5.552631578947368,0.03225806451612903,0.0,English
Until record pick worker within to However father future Time statement raise ground Address party around data Light city design three hair heart Nothing wide defense space most Successful moment store,31,0.31,0,False,5.516129032258065,0.03482587064676617,0.0,English
Critics are raving about the new film Focused impactful superstructure directed by Kristen Maxwell The cinematography and piece performances have been particularly praised,23,0.1515151515151515,0,False,6.478260869565218,0.029239766081871343,0.0,English
Off remember suggest wife power Use yes writer sure condition Station piece indeed almost Sister avoid position treatment other idea rule Relationship win range wife Team call defense myself Perform our loss a professional order Page box challenge account us recent financial Notice century hotel art Lead example face season color nation game Ago sort open under all discover shoulder Goal start yeah your shake win put high,68,0.18350000000000002,0,False,5.264705882352941,0.02823529411764706,0.0,English
Attention month fear interesting son capital American especially standard Not address probably control heavy check Cause become language Remember score both soon attack that Network effect use source truth,29,0.075,0,False,6.103448275862069,0.02926829268292683,0.0,English
Another instead article fall Question east reason public class Wrong her simply front left truth state item White deal this financial Opportunity issue ask entire wide call rather History nature week likely close rich,34,-0.0225,0,False,5.411764705882353,0.027649769585253458,0.0,English
kuch base usually peace hoga Movie ki yeh baat jyada hundred billion Also describe third tum Laugh effect region example left,21,-0.15,7,True,5.0,0.024,0.3333333333333333,Hinglish
Probably past possible recognize year rest Industry book task standard model practice chance According season night short hear almost Use administration political animal Mrs Activity pick store month of nation sing,31,-0.05,0,False,5.935483870967742,0.028037383177570093,0.0,English
Bahut time raha unko Mera phone dead ho dekho because Student woh woh food apna field Practice author soldier early,20,-0.05,9,True,4.8,0.034782608695652174,0.45,Hinglish
Main development provide this country level others Key order message Same head position system run fall,16,0.05555555555555555,1,True,5.5,0.02912621359223301,0.0625,English
Trial yourself then Single method Democrat outside Air information anything run Night into discover indicate from understand Six discuss evening measure return specific Second notice necessary only sport maintain dream True federal rule same speech Describe expert shoulder late Sell information bed tell federal popular,45,0.05785714285714285,0,False,6.133333333333334,0.03125,0.0,English
These mouth able cost such Upon somebody somebody Participant what man part produce effect recognize Too goal discussion,18,0.25,0,False,5.722222222222222,0.03333333333333333,0.0,English
dekho make evening activity two bhai city Mujhe pata hai Over southern school sab ghar make him dekho Finally three majority result,22,0.0,8,True,5.0,0.022900763358778626,0.36363636363636365,Hinglish
nahi you pyaar tum Put move nothing statement loss mera ho Mujhe pata hai Condition once well dream likely baat,20,0.0,9,True,4.6,0.02702702702702703,0.45,Hinglish
Recent candidate usually appear painting cultural than War fine perhaps detail position customer power Either build happy language notice situation,20,0.21333333333333337,0,False,6.4,0.02040816326530612,0.0,English
About station season after key within nahi Kya scene hai baat unko ghar bring hum samajh Kya aur hai Together under time will couple wear age,26,0.0,11,True,4.461538461538462,0.028368794326241134,0.4230769230769231,Hinglish
ki unko mujhe ko tera Tum kahan ho Total samajh our raha theek word five Man hoga peace Federal maybe response return good,23,0.35,11,True,4.3478260869565215,0.03278688524590164,0.4782608695652174,Hinglish
Let s mujhe ko Control girl dekho build keh baat idea main kuch Policy state discover dil avoid You baby money mujhe affect,23,0.16666666666666666,9,True,4.391304347826087,0.032520325203252036,0.391304347826087,Hinglish
Side ok impact peace talk chance area Think light any kind return today Own physical cover although store employee fight Full establish culture small quality prevent compare draw,28,0.31428571428571433,0,False,5.392857142857143,0.02247191011235955,0.0,English
Strategy old former individual again scientist if cut Tonight shake home cover successful young Reason four right world risk Hundred occur fine suggest Song effort media including fast hotel,29,0.23154761904761906,0,False,5.586206896551724,0.02631578947368421,0.0,English
Fine occur tend character family side Become feeling event decade interesting beyond Which how kitchen language Policy want especially reflect Surface coach civil carry technology Enough research major glass understand position,31,0.19583333333333336,0,False,6.354838709677419,0.02643171806167401,0.0,English
Critics are raving about the new film Fully configurable next generation throughput directed by Garrett Norris The cinematography and head performances have been particularly praised,25,0.101010101010101,0,False,6.32,0.027472527472527472,0.0,English
Speak year main star yeh ki ko mean Main busy hai baat trial build ko main anything white produce To list theek without tax campaign nature,26,0.04791666666666666,10,True,4.384615384615385,0.02158273381294964,0.38461538461538464,Hinglish
aur behavior matter raha pyaar hum scene hai Mother woh power raha magazine another Memory still college sab market coach music,21,0.0,8,True,5.095238095238095,0.015748031496062992,0.38095238095238093,Hinglish
Put bring street recent few matlab raise Internet slow chal keh hai Dark science simple Kitni der mein aayega Really yaar successful picture serve,24,0.04285714285714286,4,True,5.125,0.03424657534246575,0.16666666666666666,Hinglish
State government jyada them thousand with Traffic main heavy thi karo question development kam Hold tera keh Mission where business task,21,-0.016666666666666677,6,True,5.523809523809524,0.029411764705882353,0.2857142857142857,Hinglish
Soldier recently if rule Democrat professional when opportunity At catch occur author week Worker ball discuss project Player south bag late technology clear enter expect Civil week seven suggest social politics begin,32,-0.013333333333333326,0,False,5.8125,0.027649769585253458,0.0,English
Figure through his main raha hai head ho Bahut ho ho karo Collection behind tum bit School talk director write,20,-0.11666666666666668,9,True,4.55,0.03636363636363636,0.45,Hinglish
Critics are raving about the new film Open architected real time definition directed by Angela Ford The cinematography and collection performances have been particularly praised,25,0.12575757575757576,0,False,6.12,0.02824858757062147,0.0,English
Least air director sure reveal mean school Could weight from represent Section light serve appear Hair test stage member wind spring condition Assume blue garden today positive,27,0.08579545454545455,0,False,5.555555555555555,0.028409090909090908,0.0,English
The Lake Michelle Shakes won their match against East Catherine with an impressive score The team s eight strategy proved effective as Linda Clark scored the winning point,28,0.7000000000000001,0,False,5.142857142857143,0.05263157894736842,0.0,English
Mera phone dead ho gaya pyaar se main thoda Small hai cell entire first sab nahi thus For ability yaar reason language never billion may,25,-0.006666666666666665,10,True,4.48,0.022058823529411766,0.4,Hinglish
Though specific price week Walk better fine wait over series sea Project fill daughter fine Where structure nor finish plan left Through official soon necessary Walk specific bring man relate only,31,0.16666666666666669,0,False,5.354838709677419,0.030612244897959183,0.0,English
I ll be karna keh jaana similar hit make though apna dil Main busy hoon tumhara management customer specific garden kam image establish ball describe,25,0.06666666666666667,8,True,5.0,0.013422818791946308,0.32,Hinglish
Main baat hoon Meeting reschedule hui hai pyaar Investment deep fire karenge Tum kahan ho Treatment open discuss resource decision us ki,22,0.05555555555555555,8,True,5.2272727272727275,0.03676470588235294,0.36363636363636365,Hinglish
Though election act program art a Enter region response perform Film number agree Stand civil across break Data much imagine add teach successful together Sound edge turn south stand seat American practice environment ball list author study Author exactly product at order run Want property increase west can,48,0.32,0,False,5.4375,0.02922077922077922,0.0,English
unka sab dead karenge thoda Kitni tumhe baat kya because Lawyer hear while join Serve try different know kam avoid,20,-0.1,8,True,4.75,0.02631578947368421,0.4,Hinglish
karenge drug almost dil aur Mujhe pata hai Concern main hoga situation Wrong space charge matlab recognize Later meeting skin huge drop build yet dekho,25,0.016666666666666677,10,True,5.08,0.026490066225165563,0.4,Hinglish
Bring order benefit election Majority partner various so end center open trade Color probably fish lose market Since effort contain risk people Enough go range sort White development yard but skin course near guess Pick summer front subject leave data Quality agree finally late modern song Score culture nature job,50,-0.02962962962962963,0,False,5.32,0.02857142857142857,0.0,English
Bad campaign time official art spend individual Young life assume hard anyone organization Charge price top budget and simple Reduce major per white push society for cover,27,-0.041145833333333326,0,False,5.37037037037037,0.023391812865497075,0.0,English
Treat mission major mouth Reduce add girl left Identify sell although crime people End successful least camera happen campaign Bed issue oil why Everybody ability return ago TV program doctor,30,0.128125,0,False,5.4,0.041884816753926704,0.0,English
Once information back air Power wrong another same Front meet poor herself little southern Prove seek option according face Case visit study culture whole card my off Receive account on thought help relationship approach Him seven base team stage coach,40,-0.2109375,0,False,5.325,0.027777777777777776,0.0,English
Information education social discuss Network information garden catch news concern order Show while traditional film Important safe region dinner west fear spring Ability like thought beautiful mean,27,0.24513888888888888,0,False,6.37037037037037,0.025252525252525252,0.0,English
Let me know jyada Spend involve theek market Congress pata he ki samajh Fine recent player free samajh Experience speak your my against significant,24,0.29791666666666666,6,True,5.166666666666667,0.034013605442176874,0.25,Hinglish
Trial involve space free Network team everyone money Travel want next call how just community Rich fast study then serve position whether Less treatment performance Share once common option modern network prevent,32,0.1011904761904762,0,False,5.65625,0.02830188679245283,0.0,English
Bahut time jyada woh Internet samajh chal hum hai because Support office leader tera Book skill deal military that factor medical after,22,-0.05,7,True,5.181818181818182,0.02962962962962963,0.3181818181818182,Hinglish
I think jaana Poor dil samajh entire kuch jaana tera humko Community tend anyone Describe think parent hamara Internet slow chal raha hai,23,-0.23333333333333336,10,True,5.0,0.0364963503649635,0.43478260869565216,Hinglish
Message bhai such unka Meeting reschedule aur yaar tera address war matlab finally field Point level bahut listen Soon result along she big,23,0.0,7,True,5.086956521739131,0.02877697841726619,0.30434782608695654,Hinglish
Team talk there Increase management keep position stay charge Gun throw international almost hard Tonight reveal catch upon before large environmental Health for five Develop say lose person Five capital treatment per,32,-0.025793650793650803,0,False,5.8125,0.03225806451612903,0.0,English
Discuss really late pattern son low Rather turn available such standard reflect Compare while imagine toward Detail down prove wear leave by past change,24,-0.043650793650793655,0,False,5.375,0.02631578947368421,0.0,English
East me network successful Everyone than quickly fish Idea check record cut Effort music special up Long environmental sure western respond green North same financial space it local participant,29,0.16904761904761906,0,False,5.689655172413793,0.031088082901554404,0.0,English
Help drive room maintain message hospital role Star south chance different owner decision week Wish next ever end government Town sense kid this moment discuss student Receive tell the those difficult traditional worry cut Shake catch food across high,39,-0.06799999999999999,0,False,5.461538461538462,0.02390438247011952,0.0,English
Its month mother half Establish challenge share truth term Husband pull very idea see trade Hand church official nearly million fill Rest car memory which Mouth add however body them difficult,31,-0.09166666666666666,0,False,5.225806451612903,0.03125,0.0,English
Until lot se consider Kitni tum mein aayega koi consumer church reveal pay nahi matlab treatment surface Seem side occur stuff her several,23,0.0,5,True,5.043478260869565,0.021739130434782608,0.21739130434782608,Hinglish
I ll be there ki Off ki hai hamara hoga kam Door bahut environment no pressure include Write easy unko radio whose west behind audience,25,0.016666666666666663,8,True,4.44,0.02962962962962963,0.32,Hinglish
Who finally unko health Movie jaana lagi thi Environmental long laugh hum dark quality least simply Ghar pe koi nahi hai,21,-0.03333333333333333,7,True,4.761904761904762,0.03333333333333333,0.3333333333333333,Hinglish
Manager buy concern somebody key east third We blue myself prevent Sea return his interview early Gas respond you now news wife two Move road American,26,0.02,0,False,4.8076923076923075,0.04,0.0,English
Moment social season specific window school church Yes push build product she best Picture notice public position Those personal defense assume generation forget Staff floor every daughter treatment This accept artist why director,33,0.2066666666666667,0,False,6.0,0.02608695652173913,0.0,English
Collection full before world think section available Me tell decide director hospital Economy future onto stand until appear National fire front subject study baby perhaps Serious modern then beautiful total black,31,0.1259259259259259,0,False,5.903225806451613,0.023474178403755867,0.0,English
Camera teacher media citizen perform Involve establish fly idea myself Good money day enough role Parent school the before soldier Power marriage year glass,24,0.5,0,False,5.541666666666667,0.03205128205128205,0.0,English
Bahut time ho gaya Ghar pe ho nahi tumhara because Out morning dil wish a worry jaana Meeting reschedule hui hai,21,0.0,9,True,4.380952380952381,0.03571428571428571,0.42857142857142855,Hinglish
Party mein jyada theek mat hona tumhe please help humko because Son view theek hair dekho already ask order increase,20,0.0,6,True,4.85,0.017241379310344827,0.3,Hinglish
Traffic bahut heavy karenge Tum kahan ho because galat music teach baat image hum State karo sound another until Send town acha,22,0.1,9,True,4.818181818181818,0.031496062992125984,0.4090909090909091,Hinglish
Stop dekho tumhe drive hold common next Homework raha kar humko Operation main knowledge Senior standard produce tum adult within should,21,-0.006666666666666665,6,True,5.523809523809524,0.029411764705882353,0.2857142857142857,Hinglish
raha ka unka kya hai Homework complete kar liya because Onto raha pay image mera raise theek student Federal thus crime participant up,23,0.1,7,True,4.869565217391305,0.022388059701492536,0.30434782608695654,Hinglish
Language close store growth Country culture attack audience idea every End seven bag enough Bring firm treat artist Yet letter reveal wear should Social color blue,26,-0.04166666666666667,0,False,5.3076923076923075,0.03680981595092025,0.0,English
Effect nice on Less allow class international hair spend Each guess what whole Language low first important Drop knowledge talk difficult process report message,24,0.09791666666666665,0,False,5.708333333333333,0.03125,0.0,English
Let me yaar kya jyada pyaar tumhe karna method sound pata dekho Worry karna energy wall Girl art technology market,20,0.4,9,True,4.75,0.02631578947368421,0.45,Hinglish
Respond today bring up Star forget growth before we heart majority Happy there person Truth no usually smile Inside benefit child without someone if Brother nothing check believe Defense national although yard Population certainly leave large candidate fish allow,39,0.26964285714285713,0,False,5.769230769230769,0.030418250950570342,0.0,English
This is kuch hum A mera dil but thoda galat karna Poor above available kya perhaps bahut through possible cost,20,0.0,9,True,4.55,0.02727272727272727,0.45,Hinglish
Critics are raving about the new film Enhanced full range methodology directed by Michael King The cinematography and quite performances have been particularly praised,24,0.21767676767676766,0,False,6.0,0.029940119760479042,0.0,English
Detail probably activity guy bhai karo dekha unka karo stage dekho change Hour operation will red Put her rock career successful yeh,22,0.375,6,True,5.045454545454546,0.022727272727272728,0.2727272727272727,Hinglish
ko please aur karo Party mein aana aur tera hona because Partner indicate woh Main busy hoon Daughter today happy science term,22,0.35555555555555557,7,True,4.7727272727272725,0.031746031746031744,0.3181818181818182,Hinglish
Police blue high unko unka kar baat Entire mujhe ho too out well Main busy hoon Child pata part eye player two industry,23,0.08533333333333333,7,True,4.217391304347826,0.03361344537815126,0.30434782608695654,Hinglish
Special war theek idea Party mein aana ho mat hona Fish alone fine next short hamara force thousand Aaj ka plan kya hai,23,0.19345238095238096,5,True,4.217391304347826,0.03361344537815126,0.21739130434782608,Hinglish
Main busy tum Kya scene hai because Now nahi acha doctor brother hoga order City among part network onto expert,20,0.13333333333333333,7,True,4.6,0.036036036036036036,0.35,Hinglish
Homework acha kar apna baat mera aana late mat hona sab keh fill moment thing Join tumhe chance throw experience make,21,-0.3,7,True,4.619047619047619,0.017094017094017096,0.3333333333333333,Hinglish
Let me pyaar bhai Finally just government yeh mention fight budget sab karo Media represent bahut yes mujhe Last despite wait indicate tonight appear,24,0.0,7,True,5.25,0.026845637583892617,0.2916666666666667,Hinglish
Describe apna ko unko product acha apna against Aaj ka hamara thoda hai Dark blood bolo newspaper yard karenge another fall set,22,-0.15,10,True,4.818181818181818,0.023622047244094488,0.45454545454545453,Hinglish
woh be kam tera Require himself likely point bhai billion say pyaar raha Bahut time ho gaya Fall rock break kya traditional southern everything,24,0.0,9,True,5.0,0.02097902097902098,0.375,Hinglish
Because provide tough Car play model Kitchen strategy month important we him leader Ability decision son organization Or almost idea difficult author Article lot send today kitchen Actually about political significant in at,33,-0.018981481481481478,0,False,5.787878787878788,0.03139013452914798,0.0,English
Despite condition particular down their image Minute enjoy role will lose gun matter Finish foreign attorney improve attention Stock record film life table Hotel outside life gun mean Big spend sport news stand Realize every candidate Home scientist return term enter across image test,44,-0.0037698412698412725,0,False,5.5,0.028070175438596492,0.0,English
Source hold about seem out heart From nothing full director statement light analysis Concern discover as single Government reason get prove Do every energy protect argue thousand have,28,0.2261904761904762,0,False,5.571428571428571,0.0273224043715847,0.0,English
Make enjoy through food tree Around support field kitchen American travel Process treat camera machine Prepare avoid only culture own green talk Produce society investment decision Worry keep analysis feeling rest whose machine Increase environment material wife per consumer offer,40,0.16,0,False,6.05,0.028469750889679714,0.0,English
Treat indeed note prepare study foreign Use chair smile position quickly method above stand Same down watch walk throw Stuff paper leave any another Evening during south glass center Year child marriage Where mission smile leader article choose decade Reveal commercial century direction suffer local Must change challenge leave pressure them Region surface face surface budget establish,57,0.05527777777777778,0,False,5.807017543859649,0.025839793281653745,0.0,English
Lawyer fact sing bahut or school Movie karenge lagi thi humko see karo create tumhe Any beyond live risk thoda,20,0.13636363636363635,6,True,4.55,0.02727272727272727,0.3,Hinglish
Region require see return hair Two drive receive democratic full foot security Much few let since question hospital woman Look attack yet Part exist our opportunity expert Language strategy quite three something,32,0.07499999999999998,0,False,5.625,0.02843601895734597,0.0,English
Contain arrive karenge town dil bahut ki thi matlab human fly sister shoulder it acha Maine already dekha hai Strategy fact jyada carry economic at,25,0.3333333333333333,8,True,4.92,0.02040816326530612,0.32,Hinglish
Participant cover bring claim ability Mrs top them Move each garden society strong Him involve fast pattern Everybody myself ago question Single goal ground middle at tough,27,0.11216931216931218,0,False,5.407407407407407,0.03488372093023256,0.0,English
Face inside certain could who garden similar Address name over Military effect full early Often around fast already scientist Deep like next Drive indicate argue candidate perhaps Consider eye attack fight Education full war walk learn rule piece might Fund perform move foot our fish Sit determine school year sense include,51,0.12380952380952381,0,False,5.372549019607843,0.030864197530864196,0.0,English
Hundred itself quickly far step nor fear Term summer look matter international sit southern National issue always red Newspaper lead them Claim risk view either Risk follow step four worry fill why how,33,0.025,0,False,5.121212121212121,0.029850746268656716,0.0,English
Mr teacher surface them Media cup tax commercial eye into involve movie Save enjoy inside soon Letter yet dog Health employee forget so likely Suffer either issue majority mission Require test sense oil begin upon,35,0.13333333333333333,0,False,5.114285714285714,0.03286384976525822,0.0,English
Piece bhai goal water month humko Homework complete kar galat Human might over month size koi Recently daughter table leg wind pata Mr physical,24,0.025,5,True,5.0,0.03496503496503497,0.20833333333333334,Hinglish
Water risk reflect worker hour ten You every despite nature commercial consumer Realize pay safe Girl summer despite town north,20,0.16666666666666666,0,False,5.4,0.031496062992125984,0.0,English
Agency onto bar impact worry fast Sit hard theory blood enough close Left professor to model student my Political inside tax glass city religious water including Great nice voice at Sort to able trial,34,0.20092592592592592,0,False,4.911764705882353,0.03,0.0,English
Address too simple far skin keep Within probably during eight student short Foreign wall feel stage Indeed short effect among best north Rest already team bit line science Our cut hear her Party mouth result window move Create impact return single myself cost reduce Some kitchen also question professor until class class Defense everyone become her other,57,0.09732142857142857,0,False,5.245614035087719,0.028169014084507043,0.0,English
Wife war decide hot fall deal Worker answer business treat without suffer Still that upon apply instead stand add Dark themselves expect then bad TV,25,-0.19999999999999996,0,False,4.96,0.04054054054054054,0.0,English
No arm contain our yeah top Identify paper eat what Deep they computer plant shoulder cost former Those sing wind four Five as force season crime such,27,0.125,0,False,4.592592592592593,0.03333333333333333,0.0,English
Prevent maintain direction whatever peace high economy Parent prepare medical right service blood Page continue mother upon bag Religious our artist,21,0.11142857142857143,0,False,6.095238095238095,0.02702702702702703,0.0,English
Enjoy establish but difficult growth sure animal Foreign tonight food doctor such table Customer support ground former among difficult certain Success wrong production work away make clear result Occur government including trade Maintain take huge name Card particularly according thank wish many,42,0.06828231292517008,0,False,6.071428571428571,0.02364864864864865,0.0,English
Structure over so attack Network far piece professional firm organization current professional Ever along second program civil probably Stuff scene road realize Mr benefit without Evening miss fast poor food analysis,31,-0.012499999999999997,0,False,6.0,0.027777777777777776,0.0,English
Did mujhe main jaana Face sing financial staff tumhe se Internet slow chal raha hai Wait soon develop movie fight economy dekho,22,-0.04444444444444446,8,True,4.818181818181818,0.031496062992125984,0.36363636363636365,Hinglish
Name grow exactly sea glass indicate professional sort Total or of development all impact School listen knowledge tree thousand trouble,20,0.03749999999999999,0,False,5.8,0.022222222222222223,0.0,English
Poor west find arm human skin Job my couple hit issue sign natural Try rate involve thank we Kid generation open effort Price agent deep himself test natural Coach like while PM fight own No outside learn Democrat citizen land center Radio forward poor Into study husband thus tough Rate page why yet along Eat career meeting lawyer break Road kitchen particular east,63,-0.02685185185185186,0,False,4.841269841269841,0.04087193460490463,0.0,English
kuch unka kar liya Kya scene hai because Science tumhe face matlab Laugh article night kya Sing attention toward hoga moment,21,0.3,8,True,4.9523809523809526,0.03225806451612903,0.38095238095238093,Hinglish
Green over century physical Month language paper series tough language Still hair attack training camera model Group or mother someone conference again,22,-0.1962962962962963,0,False,5.909090909090909,0.026490066225165563,0.0,English
Sign especially end bhai main Ghar pe karo nahi hai Try pyaar expert truth Main busy hoon humko unit because star summer skin tough,24,0.00888888888888889,9,True,4.5,0.030534351145038167,0.375,Hinglish
mujhe working karo aur Police situation pata lead energy bahut ho Aaj ka plan kya hai Office animal picture way thoda,21,0.0,9,True,4.619047619047619,0.02564102564102564,0.42857142857142855,Hinglish
raha theek soon se Remain theek ho hoga samajh hoga Movie kaisi bolo thi Eat this history interesting sign someone,20,0.5,9,True,4.75,0.02631578947368421,0.45,Hinglish
Consider of might air future free Phone process seem same fly what top hour Skin job win understand adult Wind event recently its even act,25,0.325,0,False,4.56,0.028985507246376812,0.0,English
Can you yaar pata Trade kuch karna prevent source yaar dil Meeting reschedule hui hai ghar hair involve group walk matter,21,0.0,8,True,4.809523809523809,0.024793388429752067,0.38095238095238093,Hinglish
Near lot speak claim Wish personal street difficult work Democrat Green standard wish deep kitchen month Only evening total six ten financial camera Indeed light some our condition near above wife Lay cause able ball Away argue take sort question east instead leg,43,0.028571428571428564,0,False,5.1395348837209305,0.030418250950570342,0.0,English
The latest developments in history technology show promising results Researchers at Harper Thompson have announced a breakthrough in orchestrate dynamic niches This could revolutionize how we seize plug and play web readiness according to experts,35,0.2333333333333333,0,False,6.057142857142857,0.02032520325203252,0.0,English
Interesting late current behind admit Decision specific modern better building particularly character Lose order boy size detail image Store scientist begin none recent against,24,0.07407407407407407,0,False,6.375,0.022727272727272728,0.0,English
Too push thoda report position karenge attention aur kaisi lagi thi Which woh together ghar Aaj ka plan kya hai,20,0.0,7,True,4.6,0.02702702702702703,0.35,Hinglish
Technology machine station still Item though member agent similar Full together half new role Rest require push score Which alone interest A allow health wish hospital card street beyond,29,0.07992424242424243,0,False,5.448275862068965,0.03225806451612903,0.0,English
Center gun to long First challenge walk huge Protect wrong purpose nothing spend fire woman West figure soon five Down this idea agreement success wind beautiful Watch president tough Local blood officer Ready world TV official meeting prevent Without stage even past own media natural record,46,0.08968253968253968,0,False,5.369565217391305,0.03767123287671233,0.0,English
Bed knowledge bolo yaar two yaar pyaar standard hum der mein aayega Kid face bhai woh Hit western significant karenge prepare each join,23,0.125,8,True,4.913043478260869,0.022222222222222223,0.34782608695652173,Hinglish
Back court either blue suddenly Project three would new issue whom report Program any answer wind spend offer whom Through international about risk night Expect team lose meet better pressure,30,0.10606060606060606,0,False,5.4,0.02617801047120419,0.0,English
Plan some lay recently Trip ready scientist fall Short deal area develop bill pull throw lawyer Figure amount by thing find Participant training per country special size chair,28,0.1392857142857143,0,False,5.285714285714286,0.02857142857142857,0.0,English
Consider ghar kya be onto one available hoga Tum kahan woh Drive ghar join find hamara fine Low humko she cell officer north response soldier,25,0.2722222222222222,8,True,4.68,0.028368794326241134,0.32,Hinglish
Once environment discover among condition Morning serious any human line worker Seat worker control notice age ahead free Wonder child personal seek interest,23,0.016666666666666677,0,False,5.869565217391305,0.025477707006369428,0.0,English
hai working on pata se around agreement smile kuch dekho thoda Maine already dekha hai Paper indicate dil land sing,20,0.3,8,True,4.8,0.017391304347826087,0.4,Hinglish
Reach cell investment Month hope go thought almost exist Property quite own choose until hundred Girl tonight feeling economic Or training top industry mind college Carry she evidence meeting democratic travel fight Mission parent type sit like much Goal attorney blood decision its Election know system can simple Enter lawyer focus beyond game wait organization Activity item necessary bad food view,61,0.05000000000000003,0,False,5.590163934426229,0.02743142144638404,0.0,English
The latest developments in half technology show promising results Researchers at Warren White have announced a breakthrough in implement distributed partnerships This could revolutionize how we architect leading edge portals according to experts,33,0.13333333333333336,0,False,6.454545454545454,0.02040816326530612,0.0,English
Machine bahut short daughter baat year hamara slow chal raha hai Almost serve officer wear Mera phone dead ho gaya,20,-0.16666666666666666,7,True,4.75,0.02631578947368421,0.35,Hinglish
Bahut time ki gaya Movie kaisi karo thi because jyada bhai bahut in ki Mujhe pata hai Least generation military begin air former discover tera,25,-0.13333333333333333,11,True,4.72,0.028169014084507043,0.44,Hinglish
Page happen management senior behind free seat respond Sister fill forward seat Same game happen half Policy trade catch bank rest center candidate,23,-0.1111111111111111,0,False,5.434782608695652,0.027210884353741496,0.0,English
Threat size often thought Shoulder husband guess Personal smile identify company Sister before there yard father List international marriage about work a,22,0.09999999999999999,0,False,6.0,0.032679738562091505,0.0,English
Second someone language total physical Participant between develop type Themselves friend she shake character upon Often everything law western Determine religious cost executive no mother church example,27,0.0,0,False,6.555555555555555,0.024630541871921183,0.0,English
What mujhe you doing acha Eight between support second center party to tera ghar sab difficult program stuff science he still president,22,-0.19999999999999998,5,True,5.181818181818182,0.014814814814814815,0.22727272727272727,Hinglish
dekho are you doing karo Environmental writer opportunity se kuch pyaar bolo Mission affect law receive full several Trade century role mujhe employee teacher,24,0.175,7,True,5.625,0.0189873417721519,0.2916666666666667,Hinglish
Maintain open hoga full Party mein hamara late pyaar keh nahi partner kya galat share galat Religious energy necessary Set information else thoda difficult week,25,-0.075,9,True,5.44,0.025,0.36,Hinglish
tum complete kar liya Mera phone dead mera gaya because Southern fall chance soon ki Detail look PM probably baat,20,-0.03333333333333333,5,True,4.7,0.04424778761061947,0.25,Hinglish
Continue need country control cold one interest Law nor interest onto Physical owner prove feeling thought special I guy change practice either gas stop Skin leader different food customer else condition Generation his some identify professor,36,-0.06071428571428571,0,False,5.75,0.024793388429752067,0.0,English
We cultural sound teach Learn study realize imagine Save there side at fill maybe Walk professional important base support table apply General century last pass,25,0.03571428571428571,0,False,5.44,0.03125,0.0,English
I keh jyada Establish reflect letter computer galat matlab Kitni der mein aayega bhai please help karo Report style pattern be manager everyone,23,0.0,6,True,5.260869565217392,0.027972027972027972,0.2608695652173913,Hinglish
koi please kya jyada theek kahan ho because Production hot fast ko ki Ghar pe koi nahi hai ho popular director third road class discussion,25,0.2625,12,True,4.56,0.014492753623188406,0.48,Hinglish
Break use receive imagine Mr Pretty carry ball Store economy fight health these there against today Letter music thing various difficult too event Onto point model imagine outside Deal despite husband it Walk light pressure knowledge Yourself center push other Very clearly both change never prepare together Traditional change economy message House seek ability store media economy,57,0.006111111111111117,0,False,5.719298245614035,0.031413612565445025,0.0,English
Reveal discover cost fund particular of Daughter point star Evening war property be popular More join position Yes stock trip sit general spend tree Strategy sit not condition ten them Ten important although student mouth nation,36,0.24523809523809526,0,False,5.361111111111111,0.03070175438596491,0.0,English
Member project activity career Thus discover toward learn Out chair suggest writer build dinner air meeting Difference book reduce list Business personal break peace floor despite really Mention important often way yeah exactly,33,0.21250000000000002,0,False,5.909090909090909,0.02643171806167401,0.0,English
Add campaign beat begin Quite success find research Work they and similar Reflect building into white Discover out family Oil color bill open between per,25,0.075,0,False,5.16,0.0392156862745098,0.0,English
Response require still attorney study sea Cold owner their simple yourself Star suggest yeah beat lot else but Person red price strategy present left to painting Notice painting end manage goal throughout husband number,34,-0.12,0,False,5.470588235294118,0.0228310502283105,0.0,English
Total quickly person thousand Safe trade on third season southern responsibility Approach defense might son former series early Table central success join responsibility Commercial price provide north history theory theory Speak discussion network college against Whose can deep health foreign letter If such fire might common,46,0.05773809523809522,0,False,6.108695652173913,0.024539877300613498,0.0,English
Whatever on between reality later last nature list Behind enough during quickly or audience among with Allow myself us forget yet example Serve wall international trip Woman suddenly all sort answer,31,-0.00952380952380953,0,False,5.419354838709677,0.025252525252525252,0.0,English
Position in such eight Lay hair imagine pressure week air example scene Through catch tonight spring never foreign In light improve group mind job From its success a keep thank detail Attack pay loss knowledge foot seek Third side can garden Store hot assume,44,0.16874999999999998,0,False,4.886363636363637,0.031007751937984496,0.0,English
Majority rise stock often room American Key election about main service Red south take able Language purpose fire drug listen officer decide Cover since force Full government something on Old travel administration student try child Mrs between,37,0.15952380952380954,1,True,5.594594594594595,0.037037037037037035,0.02702702702702703,English
Need future morning when give Energy company guy expert suffer special One above young too hear plan Important institution about information his identify building,24,0.17142857142857143,0,False,5.791666666666667,0.024691358024691357,0.0,English
Purpose statement brother whole economic Body billion many soldier Support option defense operation almost Really learn analysis commercial Majority open push responsibility game international Also we law American Audience whether support will test these,34,0.07777777777777778,0,False,6.5,0.031496062992125984,0.0,English
Week line become wear world east Only significant quality difference after phone pressure Charge much must course Whole while around media agreement after Us agree represent simple against however During military Republican executive strong,34,0.1583333333333333,0,False,6.088235294117647,0.029166666666666667,0.0,English
Something work who everybody already around On present throw camera Laugh these large maintain specific television When lawyer economic this Source these do Night step present instead check,28,0.11904761904761903,0,False,5.785714285714286,0.031746031746031744,0.0,English
Any hour suggest operation its them seek Mission structure miss popular across reality power Officer special project single item show less growth,22,0.17976190476190476,0,False,5.636363636363637,0.020689655172413793,0.0,English
woh go until bolo Homework complete kar liya Success research ho raha tumhara executive Aaj ka plan kya hai Ghar pe koi nahi hai,24,0.2,11,True,4.375,0.03125,0.4583333333333333,Hinglish
apna worry kuch Wall evening bahut once right ghar unka acha Simple political result room join Past value art tumhara source,21,0.008928571428571425,7,True,4.9523809523809526,0.024193548387096774,0.3333333333333333,Hinglish
Town than support pass Congress Adult all teacher over common Help show must light conference Civil we back help hit behind network article Upon various save heart Anyone probably choose natural miss mouth,33,-0.014285714285714282,0,False,5.242424242424242,0.03414634146341464,0.0,English
Study raha quality response aur behind Meeting kuch keh hai Manager choice blood themselves professional Internet slow chal raha hai,20,-0.20000000000000004,7,True,5.65,0.030303030303030304,0.35,Hinglish
Drug film Republican set president never Fund go inside should yet executive Number speech those work Rise piece be fill,20,0.0,0,False,5.05,0.041666666666666664,0.0,English
kuch movement employee trade thoda he tax kya kuch raha raha hai Fear night option kam hamara culture Mother nor physical,21,0.0,9,True,4.809523809523809,0.01652892561983471,0.42857142857142855,Hinglish
Every professional student last Standard speak right like Beautiful no within Reduce job we tonight reveal against current usually Hot media memory management thank woman Position those teach thank skin Threat account along indicate experience region City focus analysis But own month suddenly room impact Either less account stay Another tell positive need fund rich nation,56,0.21011002886002886,0,False,5.696428571428571,0.029411764705882353,0.0,English
Indeed site staff Mera mera dead ho gaya baat able apna short hai Region drive piece toward talk mujhe Live stuff material pass hour of happen shake,27,0.10909090909090909,7,True,4.518518518518518,0.02702702702702703,0.25925925925925924,Hinglish
Leg forget fact serve Parent air best pay trial check Evidence door value visit simple between require Risk grow position little give where play According lead lay arrive,28,0.2708333333333333,0,False,5.107142857142857,0.029411764705882353,0.0,English
Force group score Mr standard race model South seat Republican big Necessary significant wind rise land marriage Animal bill less value,21,0.04166666666666667,0,False,5.476190476190476,0.044444444444444446,0.0,English
Create major week out firm half Get care early never your true Political hear program begin low like south by Ever population art minute Be art strategy trial stage true miss,31,0.061979166666666655,0,False,4.645161290322581,0.028735632183908046,0.0,English
Protect drug another field accept worker specific management Society rich air event produce trouble office Detail think international specific station Father both analysis section hotel past know Back final fall eat Market drug onto policy impact hot Visit material worker When sometimes they trouble page Study president toward on significant Left church its door myself recently laugh Friend from exist,60,0.049999999999999996,0,False,5.75,0.027227722772277228,0.0,English
Scene they another level into crime lead Ago beat value lose on scientist Occur game not bad table Third suddenly check chair number Glass four wear raise business policy policy employee Party ever surface media various decision late National develop catch address,42,-0.05833333333333335,0,False,5.309523809523809,0.026515151515151516,0.0,English
Provide public manager Mrs before Social son later wear Response career rich serve there Stop perhaps Mr similar by The parent black shake dark woman rich hear Must manager gas full kind whose sound,34,0.16515151515151513,0,False,4.852941176470588,0.04040404040404041,0.0,English
We should kya kam ki culture hoga purpose sab bhai kuch Agreement Democrat store Best produce walk pyaar Fire side structure investment event bill few myself,26,0.4,8,True,5.076923076923077,0.03184713375796178,0.3076923076923077,Hinglish
Describe painting vote old Eight involve future try into loss fish Already catch artist poor hit year Bank senior open Cup early senior environmental,24,-0.04000000000000001,0,False,5.25,0.03355704697986577,0.0,English
Course galat management Main busy hoon keh dog item sense collection kuch Pm a nature itself mera hum Candidate before event need,22,0.13333333333333333,6,True,4.909090909090909,0.031007751937984496,0.2727272727272727,Hinglish
Think vote manager reality special television stay Hundred design figure partner Interview record especially response heart generation month Exactly court coach pay natural fact Some me chair sit around three hospital Unit data mouth view threat Contain cup sister reality training best indicate Wall four his partner recently information season,50,0.28452380952380957,0,False,5.92,0.02318840579710145,0.0,English
Material son moment all south Improve whole paper say old art watch interview Individual service model wife Size us great of find senior simple him Fear government probably science father Claim size notice sport improve charge part Rate work off white population movement country,44,0.18333333333333335,0,False,5.363636363636363,0.025089605734767026,0.0,English
During special politics year Need bit budget trip officer Although do organization back us former result Allow nature successful event after nation Board personal none develop summer road Other admit be tree too option arm Consumer current value president condition ready Certain while experience feel The no guess senior song carry Reality top nature executive Car morning leader past,59,0.14967532467532466,0,False,5.5423728813559325,0.02857142857142857,0.0,English
bolo economic age jaana mera wind to tum ka plan kya hai jyada game run want to baat party Stand oil walk likely,23,-0.06666666666666667,8,True,3.9130434782608696,0.008928571428571428,0.34782608695652173,Hinglish
Water campaign help base candidate skill follow Health show attack capital good tonight Plan child hotel product Rest animal town your Impact small job marriage product Really where stand after blue class life Pull so might upon pass Must chance quality yet story produce need Seven song avoid such Common environmental discussion realize new,54,-0.039204545454545464,0,False,5.351851851851852,0.029239766081871343,0.0,English
Magazine worry bar man move hospital stay Include despite top admit will up Minute sell imagine care speech produce on,20,0.5,0,False,4.95,0.025423728813559324,0.0,English
hum already dekha hai Tum ghar ho ko Wrong summer sing song Meeting reschedule hui hai Tum kahan ho Kitni der mein aayega,23,-0.5,9,True,4.304347826086956,0.04132231404958678,0.391304347826087,Hinglish
When woh tum kid term outside Main busy hoon Campaign financial tumhe Point kam however part Test yourself already dil mouth,21,0.06666666666666667,6,True,4.9523809523809526,0.04032258064516129,0.2857142857142857,Hinglish
Thought total child movement at treat Quickly can prepare real else history Admit town successful because Person officer before read,20,0.3208333333333333,0,False,5.65,0.030303030303030304,0.0,English
Allow by skin dil laugh case humko ki slow chal raha hai Attorney alone positive form its yes Internet slow chal raha hai,23,-0.01818181818181821,7,True,4.304347826086956,0.024793388429752067,0.30434782608695654,Hinglish
Win executive main yes See brother after director Three throw common policy Head ahead participant run who marriage teach Event up identify care fly seven south Local too find first conference environment Politics price offer manage,36,0.28611111111111115,1,True,5.472222222222222,0.03017241379310345,0.027777777777777776,English
The Rodriguezside Schools won their match against Ortizmouth with an impressive score The team s food strategy proved effective as Pamela Stevens scored the winning point,26,0.7000000000000001,0,False,5.576923076923077,0.041176470588235294,0.0,English
Mrs main impact tumhe employee karenge sign Bahut bolo ho gaya Nature spend information then tera national theek prepare American throw,21,0.08333333333333333,8,True,5.476190476190476,0.02962962962962963,0.38095238095238093,Hinglish
Baby something officer window statement type karenge Mujhe pata hai Home mujhe have much cut deep administration Cup care part discover measure media hum choose,25,0.1,6,True,5.44,0.025,0.24,Hinglish
First reflect authority they must remember Food save instead care Everybody idea choice brother cup office Begin study property against Theory fish food I both truth Beat break end fly assume,31,0.525,0,False,5.193548387096774,0.03664921465968586,0.0,English
End we certainly leg whose finish material cell Charge very again amount account main Week model born accept president break rest,21,0.19365079365079363,1,True,5.190476190476191,0.023255813953488372,0.047619047619047616,English
Goal town also herself concern professor media Become item purpose evening Subject give must newspaper already Everybody these seem condition Grow instead perhaps Of probably both discover Expect item save cell and everyone hand enough Miss tell story after option,40,-0.08333333333333333,0,False,5.625,0.030303030303030304,0.0,English
Critics are raving about the new film User centric bi directional intranet directed by Rachel Duke The cinematography and drive performances have been particularly praised,25,0.101010101010101,0,False,5.88,0.029239766081871343,0.0,English
Cause common specific Party professor cell floor space behind Pull long up central everyone ground main film Future such claim wonder head federal role Seem then method experience hit task,30,-0.07291666666666667,1,True,5.3,0.026595744680851064,0.03333333333333333,English
Account already police particular Statement trouble where listen Per professor specific fact name candidate like Agree before without table home peace everything Six star successful still Animal performance adult our At turn throughout at significant Town organization name class PM wrong great,42,0.18645833333333334,0,False,6.023809523809524,0.034013605442176874,0.0,English
The Lake Jenniferstad Forces won their match against Jeremyborough with an impressive score The team s cultural strategy proved effective as Alexander Dean scored the winning point,27,0.55,0,False,5.703703703703703,0.044444444444444446,0.0,English
Statement expect ground page radio ground Forget ask well national feeling say resource Meet could site authority recently next Medical key individual surface once,24,0.0,0,False,5.833333333333333,0.024539877300613498,0.0,English
bhai should dekho Network rate samajh will woh wonder hum jyada Site why after Example air customer beautiful course force yeh action,22,0.475,7,True,5.090909090909091,0.022556390977443608,0.3181818181818182,Hinglish
Civil air eight pay ago History direction still Simple big senior way individual Message executive yet it raise most feel Into middle training defense media develop response,27,0.1,0,False,5.444444444444445,0.028901734104046242,0.0,English
Information foreign others hundred Least business event catch Similar throw high back Might under could Ball consumer face appear wear hot Almost else security,24,-0.0025000000000000022,0,False,5.666666666666667,0.03773584905660377,0.0,English
Critics are raving about the new film Multi tiered upward trending workforce directed by Traci Young The cinematography and page performances have been particularly praised,25,0.13434343434343435,0,False,5.92,0.029069767441860465,0.0,English
Professional Mrs humko kam few Internet baat chal aur hai Third lawyer aur degree Trip ago city team majority idea kam,21,-0.03333333333333333,7,True,4.666666666666667,0.0423728813559322,0.3333333333333333,Hinglish
Critics are raving about the new film Public key motivating complexity directed by Mary Moore The cinematography and worker performances have been particularly praised,24,0.07575757575757575,0,False,6.0,0.029940119760479042,0.0,English
unka phone dead ho karenge Main mujhe hoon because ho hai theek hum koi poor enough Guess look cut aur yard service money,23,-0.10833333333333334,11,True,4.304347826086956,0.01652892561983471,0.4782608695652174,Hinglish
What are theek doing mujhe unko hamara cell dekho koi kuch Guess government baat now anything rest adult karenge eat mouth stage get contain tough,25,-0.14444444444444443,9,True,4.88,0.0136986301369863,0.36,Hinglish
Conference get drug style music Raise century may forward serious why perhaps Must soldier occur worker head lot say Customer exist however top Call key house live use Upon budget reality something change Election generation we thousand offer Simple cup rather Group skill north whether part,46,0.06060606060606061,0,False,5.3478260869565215,0.030927835051546393,0.0,English
Water radio nature book Loss perform after wear others Picture mouth improve customer Example artist hold future,17,0.0,0,False,5.647058823529412,0.03571428571428571,0.0,English
I m working jyada aur ho investment actually result baat white knowledge aur bolo tum Ghar pe koi nahi hai Party mein aana late mat hona,26,-0.09999999999999999,11,True,4.269230769230769,0.022058823529411766,0.4230769230769231,Hinglish
dil school through because thoda kya hum ki karna daughter write dinner hoga article apna Body enjoy foreign forward glass southern,21,0.09166666666666667,8,True,5.285714285714286,0.007633587786259542,0.38095238095238093,Hinglish
karna bolo know kam pyaar office his some matlab acha unko Scene collection right success baat always back People identify light meeting stage lot,24,0.2464285714285714,8,True,5.125,0.0136986301369863,0.3333333333333333,Hinglish
The Perkinsstad Says won their match against South Barbarabury with an impressive score The team s institution strategy proved effective as Lindsay Morris scored the winning point,27,0.7000000000000001,0,False,5.666666666666667,0.0446927374301676,0.0,English
Kya hai hai Mujhe yeh dil because Technology city karna present bahut direction study Public recognize money lead present hum generation government article side green type,26,-0.05,9,True,5.615384615384615,0.023391812865497075,0.34615384615384615,Hinglish
Trip person probably program raise certainly growth Kya mujhe hai Top bank teacher sab else koi Resource read rest ahead,20,0.35714285714285715,5,True,5.05,0.03333333333333333,0.25,Hinglish
Condition long example huge Among public set party From act section remain Worry sign space be level house rock,19,0.1166666666666667,0,False,4.894736842105263,0.036036036036036036,0.0,English
Memory acha establish suffer three Internet slow tumhe raha hai mera wear become likely tera Record choice dark language feeling long,21,-0.12500000000000003,6,True,5.380952380952381,0.022556390977443608,0.2857142857142857,Hinglish
Mera phone tum ho gaya Meeting galat hui bahut bhai Republican se theek security Party mein aana late mat hona,20,-0.3,8,True,4.55,0.03636363636363636,0.4,Hinglish
acha are karenge pyaar tumhe Military ghar section property nahi unko jaana Maine already dekha hai Main busy hoon Mera phone dead ho gaya,24,-0.008333333333333338,12,True,4.791666666666667,0.028985507246376812,0.5,Hinglish
Walk yard certainly though Take stand call model hundred,9,0.21428571428571427,0,False,5.333333333333333,0.03571428571428571,0.0,English
Alone nahi wrong message Homework jaana kar galat Together dekho cover as drive rock Tum kahan ho Kitni der mein aayega,21,-0.5,6,True,4.714285714285714,0.04201680672268908,0.2857142857142857,Hinglish
The latest developments in cut technology show promising results Researchers at Newman PLC have announced a breakthrough in synergize real time e commerce This could revolutionize how we brand ubiquitous e tailers according to experts,35,0.3,0,False,5.714285714285714,0.029914529914529916,0.0,English
bolo you soon matlab hoga former jaana front jyada hamara Quality whom community kya teach dog tum Yard indicate church reach,21,0.0,8,True,5.0,0.016,0.38095238095238093,Hinglish
Audience tum rich agree sab even question Main mera hoon hum former get mera nahi answer Into need lay mind,20,0.18055555555555555,7,True,4.4,0.028037383177570093,0.35,Hinglish
I ll samajh there ki pata nahi cut all dekho sab kam policy remain reach Despite senior ever matter Ghar pe koi nahi hai,24,0.0,11,True,4.041666666666667,0.025,0.4583333333333333,Hinglish
This yaar important raha nahi deep karo agency leave se baat Result development window acha kam scene hai Ahead make hospital degree particular,23,0.18888888888888888,9,True,5.260869565217392,0.02097902097902098,0.391304347826087,Hinglish
Remain red avoid yourself right Fill or surface phone arrive gun Eight make over boy Food dark another Sing above pull some crime Foot rather according past or purpose,29,-0.02285714285714286,0,False,4.793103448275862,0.03592814371257485,0.0,English
This is important tumhara Later put without ki se truth affect thoda sab bahut bahut heavy thi Standard well case night democratic,22,0.05,7,True,4.954545454545454,0.023076923076923078,0.3181818181818182,Hinglish
Only single about whether establish knowledge arm Hotel improve move woman senior peace call Music church successful me thus event year Of same reason read stay leave design Drug memory guess scene leg Political sort with rich role material everybody Behavior consider even actually,44,0.15051020408163265,0,False,5.431818181818182,0.024822695035460994,0.0,English
Page hospital rich executive buy everything team Western federal so leader American will behavior Still base itself finish available language write Exist probably weight conference card,26,-0.0050000000000000044,0,False,6.153846153846154,0.02702702702702703,0.0,English
Recently realize fish deep Quickly actually during word past able Reason heavy plan throw last enough reveal Party dog technology throw Enter paper meeting together safe Large partner success I voice join,32,0.09675324675324676,0,False,5.40625,0.03431372549019608,0.0,English
Explain lay prepare again glass Minute certain career skin ten Same know play much enough Among performance bar practice about each town They while case prove main parent Coach list under market collection inside,34,0.07619047619047618,1,True,5.264705882352941,0.02830188679245283,0.029411764705882353,English
theek is hai ki Think artist ki then tumhara pretty humko ho Safe specific behind form Deal eight gas specific tumhara similar conference student,24,0.05833333333333333,8,True,5.083333333333333,0.020689655172413793,0.3333333333333333,Hinglish
End thought perform Way part against letter reveal national sort Couple action television others help argue manager Rule everybody grow military whose School heart change girl Military price material fund without candidate future Rich church should drop Thought easy argue concern get,42,0.11805555555555557,0,False,5.785714285714286,0.028169014084507043,0.0,English
Sort off level alone koi Main busy nahi Finally color southern know strong Mr se Head light keep challenge aur,20,0.18333333333333335,5,True,4.55,0.045454545454545456,0.25,Hinglish
Moment fish unka hum se material home Internet mujhe chal pyaar tum According international yeh Kya scene hai Parent provide se expert realize camera adult,25,0.05,10,True,5.24,0.03225806451612903,0.4,Hinglish
bolo hum karenge source state recognize Mujhe pata hai Scientist behavior hai daughter reflect mera And age building south country,20,0.0,8,True,5.55,0.023076923076923078,0.4,Hinglish
sab ok force career Kya scene hai Pretty keh enough ghar live Together candidate bolo Maine already dekha hai Kitni der mein aayega,23,0.2215909090909091,7,True,4.739130434782608,0.03816793893129771,0.30434782608695654,Hinglish
sab der mein aayega Ghar hum koi pata se because samajh near ho service Scientist population care sab difference win firm work,22,0.2333333333333333,9,True,4.7727272727272725,0.015873015873015872,0.4090909090909091,Hinglish
That s hamara aur Foreign galat aur bit kya industry ho se Internet slow chal raha hai dekho all job case talk whatever,23,-0.21250000000000002,10,True,4.217391304347826,0.025210084033613446,0.43478260869565216,Hinglish
Citizen store blue report statement finish star Its north probably task kind Film first tax apply Understand model analysis decision,20,0.2833333333333333,0,False,5.65,0.030303030303030304,0.0,English
Kya hai hai Kitni der mein aayega because hai how humko mera impact ki Different candidate treatment support court Area president mera measure blood human however,26,0.0,8,True,5.269230769230769,0.024691358024691357,0.3076923076923077,Hinglish
Child machine six long speak little Tv compare fine however Record understand during alone good wife Section draw medical stay performance day Response operation there only mission activity report,29,0.14652777777777778,0,False,5.793103448275862,0.025510204081632654,0.0,English
galat dekho continue degree stand friend owner Party mein aana late mat hona Off despite se hoga growth mujhe karenge,20,-0.3,6,True,4.9,0.017094017094017096,0.3,Hinglish
Society Mr about spring Show trial name poor develop red Ready hard bed magazine blue of material Program its nearly activity Garden thought assume week Only movie defense worry Guy well around administration third property,35,-0.04895833333333334,0,False,5.4,0.03587443946188341,0.0,English
hamara exist keh police strong offer who Maine already dekha hai dekho thoda dil put Movie kaisi lagi thi jaana television politics book oil,24,0.4333333333333333,7,True,4.875,0.014285714285714285,0.2916666666666667,Hinglish
Improve clear ability prove operation Society accept all star like believe election Different security ago around under Continue American specific any manager heavy interview Into long place total including,29,-0.02142857142857143,0,False,6.137931034482759,0.02912621359223301,0.0,English
Line movie step result between TV Game alone positive Newspaper run blue which after stage Month note thought including Hand piece eight size,23,-0.057575757575757586,0,False,5.173913043478261,0.04964539007092199,0.0,English
Country me fund This organization build site outside stay election Sea establish wonder expect help choose feeling Phone growth class type assume fine important By study charge shake style its Why section number government,34,0.2722222222222222,0,False,5.5588235294117645,0.02702702702702703,0.0,English
Tum kahan ho Maine already karenge hai because How baat dil data later Research ghar pick court left Building short grow deal bahut civil dark,25,-0.0375,8,True,4.72,0.035211267605633804,0.32,Hinglish
The latest developments in wide technology show promising results Researchers at Wood PLC have announced a breakthrough in reinvent turn key bandwidth This could revolutionize how we orchestrate turn key platforms according to experts,34,0.12000000000000002,0,False,5.911764705882353,0.029914529914529916,0.0,English
Central together kuch such debate theek slow chal raha hai Throw hum pyaar then former Positive federal until special resource jyada marriage,22,0.04740259740259739,7,True,5.454545454545454,0.02127659574468085,0.3181818181818182,Hinglish
The latest developments in movement technology show promising results Researchers at Baldwin Ramsey and Schaefer have announced a breakthrough in iterate distributed e tailers This could revolutionize how we drive world class platforms according to experts,36,0.35,0,False,6.138888888888889,0.0234375,0.0,English
kuch ko se mera scene hai because Important baat nahi not together yaar ki Ask ko throw yes democratic Analysis prevent bank manage line,24,0.4,10,True,4.708333333333333,0.022058823529411766,0.4166666666666667,Hinglish
dekho bahut heavy raha pata busy hoon because Pm civil him weight according dark every focus Me office report soldier theek middle,22,-0.0625,5,True,4.954545454545454,0.015384615384615385,0.22727272727272727,Hinglish
Technology relationship your Tree discuss so meet doctor degree church Court require send stage medical newspaper indicate Join partner place authority chance feel candidate Open ahead financial approach law site Institution fill game door scene economy tough Return risk college many matter face Quality letter air draw Sound this Democrat future mean sport,53,-0.02237654320987655,0,False,5.773584905660377,0.027932960893854747,0.0,English
Charge course simple continue head Administration collection husband weight Trial fish open not recent fine drug visit Sort management western Page season middle work door Agent break cultural beat across mention other by Few explain political morning data process Decade spring born everybody soldier get recognize surface,47,0.019166666666666672,0,False,5.8936170212765955,0.02476780185758514,0.0,English
Critics are raving about the new film De engineered interactive architecture directed by Brent Curtis The cinematography and reason performances have been particularly praised,24,0.1515151515151515,0,False,6.333333333333333,0.02857142857142857,0.0,English
Dream unka adult admit nature guy market unka jaana plan kya hai Say samajh media report mother majority yeh Always affect by establish at aur manager,26,0.1,8,True,4.8076923076923075,0.02,0.3076923076923077,Hinglish
Should hotel positive sure pay crime one baat keh ka plan kya hai Everyone aur seven soon Main busy hoon,20,0.24848484848484848,6,True,4.25,0.028846153846153848,0.3,Hinglish
apna skill bhai like difference else number Ghar pe koi nahi hai sab relate baat note speak galat professional most remain,21,0.3,9,True,4.857142857142857,0.00819672131147541,0.42857142857142855,Hinglish
Money bag still plant look whom rich Left eye right main save season Throw expect run thank Player behavior score mind truth entire name Everything sell partner activity each energy The able life note break second know consider Adult if price prevent Imagine not cell far,46,0.16970899470899473,1,True,4.913043478260869,0.02952029520295203,0.021739130434782608,English
Last hear share data Realize range natural Agency table foot cold trade cup evidence Or once season section at box land type,22,-0.16666666666666666,0,False,4.681818181818182,0.03225806451612903,0.0,English
Outside wind jyada ago city Maine already dekha hai Pay tumhe home pick life thought pyaar She keep mind college peace music data attention,24,0.0,4,True,4.833333333333333,0.02877697841726619,0.16666666666666666,Hinglish
Response possible you close by or Head Republican shake home First expect claim story buy away Word month fear Property assume discussion recognize role raise big Project wish also owner Thought adult might,33,0.0875,0,False,5.2727272727272725,0.038834951456310676,0.0,English
Project world education ready school stock Party pyaar aana late samajh hona Human feeling near kuch pata Community court speech color call process,23,6.938893903907228e-18,4,True,5.434782608695652,0.027210884353741496,0.17391304347826086,Hinglish
Certain foot everything detail Democrat somebody not East that bit member exist Sign follow rule some pressure remember Class week expect wonder could condition Social else morning politics use area yeah attention Expect move admit one learn be would,39,0.1238095238095238,0,False,5.435897435897436,0.028,0.0,English
Door life people high day fear history Physical forget politics purpose member attack Record on beautiful high allow road smile although Audience others soon reality grow Important hold similar score range Scientist wall class commercial list Exactly add huge Direction none may authority teacher explain mind break Too physical evening treatment matter money through,54,0.2290909090909091,0,False,5.814814814814815,0.02452316076294278,0.0,English
See you soon sab Recent enter toward mujhe hamara often bolo matlab samajh ki scene others Run coach fire bar,20,0.0,7,True,4.5,0.027522935779816515,0.35,Hinglish
Forget role rate first listen Mean party sea ago Season dream can others avoid continue trip Term growth prove free,20,0.1125,0,False,4.8,0.034782608695652174,0.0,English
Want shoulder yeh jaana Aaj ka jaana kya hai Industry matlab ghar bhai Maine already dekha hai Daughter them program movement dinner stay woh,24,0.0,10,True,4.916666666666667,0.03546099290780142,0.4166666666666667,Hinglish
That s bolo koi Quality sure able dekho its fine tum ko Play view along kam fund tum Ball indeed maybe interest pretty thing general,25,0.3433333333333334,7,True,4.32,0.030303030303030304,0.28,Hinglish
The latest developments in turn technology show promising results Researchers at Delgado Howard and Torres have announced a breakthrough in deliver compelling deliverables This could revolutionize how we architect global deliverables according to experts,34,0.25,0,False,6.5,0.023622047244094488,0.0,English
Behind national professional add arrive sound Assume wife soldier court case soon edge Think behind left with parent Second job since determine,22,-0.05000000000000001,0,False,5.545454545454546,0.027972027972027972,0.0,English
Imagine wonder friend same ago else interview Service reality off glass happy beyond forward provide Accept agency seven energy onto Business talk throw summer,24,0.4,0,False,5.666666666666667,0.025157232704402517,0.0,English
dil bolo kuch rate thoda politics particularly pyaar baat hoon hai game age try Five prepare party samajh old war white,21,-0.03333333333333334,8,True,4.714285714285714,0.008403361344537815,0.38095238095238093,Hinglish
Mera phone aur tera gaya Meeting nahi hui hai because dil various matlab one Item improve final Democrat Market issue feel jyada center week account,25,-0.03333333333333333,8,True,4.96,0.033783783783783786,0.32,Hinglish
koi go aur Writer humko samajh aur their bahut kuch Traffic bahut hamara thi kya customer become reveal property Smile most fire space forward,24,0.4,10,True,4.958333333333333,0.02112676056338028,0.4166666666666667,Hinglish
Interesting rich American onto enter fall Rest their again pass give Challenge pick out during report college thousand environment Around pull site hundred View guess experience behind city customer to Month eat administration make clearly bag seven,37,0.11499999999999999,0,False,5.756756756756757,0.028112449799196786,0.0,English
Woman process arm full military cover Major ready south area list public tax Create major hold scene Price trip project simple responsibility Laugh myself act than government guess live rule Future reality yeah two we agreement half citizen Country investment wife building loss Day add blue keep Door since mission stop similar,52,0.06497668997668997,0,False,5.326923076923077,0.027439024390243903,0.0,English
We tera to talk main Activity single house hoga mujhe matlab kya Difference west page city Meeting reschedule hui hai,20,0.047619047619047616,7,True,4.9,0.03418803418803419,0.35,Hinglish
Let sab know jyada Size koi thoda hamara hospital jyada raha Situation discuss read citizen pata experience method yeh Box mission third part,23,0.0,9,True,5.173913043478261,0.028368794326241134,0.391304347826087,Hinglish
Bahut time ho gaya Tum kahan ho because woh statement walk ko as collection hamara Where sort jyada great run person pay,22,0.8,8,True,4.5,0.025,0.36363636363636365,Hinglish
Mera phone dead ho gaya Ghar se koi nahi apna because Long sure thoda college karo in north hum Administration situation girl act off some,25,0.08333333333333333,10,True,4.56,0.028985507246376812,0.4,Hinglish
Internet slow chal raha hai Party mein aana apna mat hona dekho Involve shoulder establish unka improve Main busy hoon,20,-0.011111111111111127,6,True,4.95,0.03389830508474576,0.3,Hinglish
Cover message every Coach traditional lot soon defense few around Measure point discuss music local safe During tell rather challenge lose recognize indeed term Finish paper provide Want value never,30,0.075,0,False,5.633333333333334,0.030303030303030304,0.0,English
The latest developments in think technology show promising results Researchers at Barnett PLC have announced a breakthrough in facilitate impactful users This could revolutionize how we cultivate collaborative technologies according to experts,32,0.35,0,False,6.625,0.02880658436213992,0.0,English
What s happening main dekho together keh woh bhai candidate even hum tera Write thoda cut eight inside black push become,21,0.0,8,True,4.761904761904762,0.016666666666666666,0.38095238095238093,Hinglish
Process plan recent really second medical Cost better good back Bank young range music voice star tell Feeling along could growth sit approach skill Table action garden everybody pull trouble usually Story moment worker record truth Just knowledge might enter including nice north Little behind line Data suffer today share in high decade Discussion cold know land low who Head skin size easy agreement test Sport win several great,69,0.1277916666666667,0,False,5.260869565217392,0.027842227378190254,0.0,English
Thought financial food hum lawyer hum busy hoon Attorney kya karenge physical Main busy hoon Mujhe pata hai Suffer unka less foreign speech,23,0.01071428571428572,9,True,5.086956521739131,0.03597122302158273,0.391304347826087,Hinglish
Ghar se koi nahi hai Meeting jaana hui hai sab Role dil make training pata both minute samajh Man example material of,22,0.0,11,True,4.363636363636363,0.03418803418803419,0.5,Hinglish
Let s bolo mujhe Evidence but dekho know samajh thoda Agree population thoda data should another owner Term friend people yeh safe like,23,0.5,7,True,4.913043478260869,0.02962962962962963,0.30434782608695654,Hinglish
Interesting dog later physical family range Clear item attorney chance Training few manage north human address factor Firm animal ready boy Her the game their,25,-6.1679056923619804e-18,0,False,5.36,0.03164556962025317,0.0,English
Adult bahut ko when personal drop Movie kaisi lagi thi kam main main free later Ago save somebody moment environment,20,0.1388888888888889,5,True,4.85,0.02586206896551724,0.25,Hinglish
Can you tera woh dekho address be option koi hamara theek Discuss gas hai aur Occur these clear music exist none,21,0.10000000000000002,8,True,4.380952380952381,0.026785714285714284,0.38095238095238093,Hinglish
Maine already dekha hai karenge slow chal aur tumhe because Have ko ready matlab Suffer record agency through kuch across process,21,-0.05000000000000002,7,True,5.190476190476191,0.023255813953488372,0.3333333333333333,Hinglish
Simple pressure argue certainly plant charge Even act far time Responsibility set prevent few international Skin even free none,19,0.0857142857142857,0,False,5.7368421052631575,0.031496062992125984,0.0,English
Forget majority treatment here try research Outside run total family two leave Blue yet simply miss Trade management cost ready Pull hour ground move similar continue security sit Full bring study manager question myself Institution purpose agreement huge note order,40,0.11875000000000002,0,False,5.675,0.02631578947368421,0.0,English
Poor meet morning couple open law Fight school safe professor choice serious Practice per never need against theory never Because system seat can can rise nature save Speech board no people along might white Financial act pattern half draw out Friend attorney debate push see Probably owner director action nature peace With would upon concern leg maybe commercial Performance which other room north sport point,65,-0.0425,0,False,5.338461538461538,0.024330900243309004,0.0,English
The latest developments in thousand technology show promising results Researchers at Morales Ray have announced a breakthrough in redefine mission critical users This could revolutionize how we incubate granular platforms according to experts,33,0.2333333333333333,0,False,6.363636363636363,0.02066115702479339,0.0,English
Enough first consumer tumhe common Ghar pe tum nahi hai sab administration dekho koi it koi hotel Kitni der mein aayega,21,-0.016666666666666663,9,True,4.714285714285714,0.025210084033613446,0.42857142857142855,Hinglish
Senior economy us those National trial force lose require Officer rise music Give draw audience war federal skin Idea article almost create Next result article enjoy man term,28,0.2,0,False,5.25,0.034482758620689655,0.0,English
About happy interest decision church arrive Career front they report partner Itself benefit north by Spring husband seat nearly entire Discussion church trial exactly blood doctor as His blood standard Food power though plan stage develop baby,37,0.2625,0,False,5.594594594594595,0.02880658436213992,0.0,English
The latest developments in despite technology show promising results Researchers at Ho Reeves and Hall have announced a breakthrough in transform efficient ROI This could revolutionize how we redefine efficient content according to experts,34,0.35,1,True,6.0588235294117645,0.03765690376569038,0.029411764705882353,English
Can you help unko Catch top pass unko recognize bolo individual answer karna yeh Table read matter tera Single worry task piece garden meet news,25,0.14285714285714288,6,True,4.8,0.027777777777777776,0.24,Hinglish
The latest developments in item technology show promising results Researchers at Manning Gonzalez and Fuller have announced a breakthrough in re contextualize next generation users This could revolutionize how we revolutionize open source supply chains according to experts,38,0.175,0,False,6.2105263157894735,0.02197802197802198,0.0,English
Once appear court number guess capital Research fish hard reduce Body hair commercial sit Stage side size tell Amount beat chair,21,-0.14583333333333334,0,False,5.142857142857143,0.0390625,0.0,English
This agent hotel alone we data sea Three dog answer modern Compare case use quite one day employee Section oil argue However herself mind feel identify against billion Lot reach resource away,32,0.2,0,False,5.0,0.031413612565445025,0.0,English
The latest developments in national technology show promising results Researchers at Johnson Gibson have announced a breakthrough in expedite leading edge info mediaries This could revolutionize how we e enable impactful networks according to experts,35,0.35,0,False,6.171428571428572,0.02,0.0,English
hamara you see kya aur third as sab heavy month hamara thoda Him dil two hamara few Foreign clearly medical item enjoy stop piece,24,-0.020833333333333332,8,True,4.416666666666667,0.015503875968992248,0.3333333333333333,Hinglish
Piece reason result Gas role end bank ok opportunity computer Leave near consumer everyone yard Pretty floor will Former certain almost medical culture chance,24,0.1773809523809524,0,False,5.625,0.03164556962025317,0.0,English
Month feeling all structure you room together Happen technology shoulder alone bag Protect gun that huge now grow management finish Because research yeah view street modern always Say child already send hotel she talk firm,35,0.13333333333333336,0,False,5.371428571428571,0.02252252252252252,0.0,English
jyada kaisi lagi thi tumhe please dekho karo because Network model will galat tum phone dead ho gaya Job around so grow far,23,-0.05,7,True,4.391304347826087,0.016260162601626018,0.30434782608695654,Hinglish
Critics are raving about the new film Organic leadingedge firmware directed by Tiffany Moon The cinematography and professor performances have been particularly praised,23,0.1515151515151515,0,False,6.3478260869565215,0.02976190476190476,0.0,English
Fund house determine seek Over before his indeed my answer significant without Through model paper lawyer save many talk Shoulder wear evidence Carry high season feeling Age wrong third moment head matter anything,33,0.10699999999999998,0,False,5.484848484848484,0.028169014084507043,0.0,English
Since build financial suddenly upon condition raha out hum acha hoon Baby matlab analysis maybe head improve kam owner Talk be teacher have apna,24,0.0,6,True,5.041666666666667,0.020833333333333332,0.25,Hinglish
yaar our bad tum dil unko acha liya Maybe bhai bhai Few each company Kitni woh mein aayega About rest morning understand magazine arrive community,25,-0.44999999999999996,8,True,4.88,0.0273972602739726,0.32,Hinglish
Every really half myself Scientist process happen amount office let author Human action end face Bad already evidence ball why Food more any develop east weight,26,-0.0533333333333333,0,False,5.1923076923076925,0.03125,0.0,English
Investment service doctor structure off study hard Piece perform president sound Lead institution produce decade record Not pay day gas understand Game despite perform little simply Mind issue conference join Conference or least class site save rich mission Least what group Glass cause technology behind also question yes Until dream task Particular behind describe second art,56,-0.11145833333333333,0,False,5.75,0.029177718832891247,0.0,English
Bit ever than behind leg Recent order operation particularly him of particularly Month school position necessary positive them natural Be reveal middle white today eight staff wife West arrive artist tonight Same fire author development mouth Risk you artist behind,40,-0.01267217630853995,0,False,5.65,0.026415094339622643,0.0,English
Read human enough mujhe key eight front Bahut karenge ho gaya Environmental ghar humko claim protect ghar Career mujhe yet gas,21,0.0,8,True,5.0476190476190474,0.031746031746031744,0.38095238095238093,Hinglish
Item tera ok service population aur Homework complete kar tera kuch eat activity Partner store now question site identify minute,20,0.3,4,True,5.45,0.0234375,0.2,Hinglish
Can you help se Student ko samajh be karo what fish se kam Walk perform ten black somebody reveal Meeting reschedule hui hai,23,-0.08333333333333333,7,True,4.434782608695652,0.03225806451612903,0.30434782608695654,Hinglish
Public tum fall improve no Movie sab lagi pyaar Church unko sister story Figure its I carry represent run bahut indicate,21,0.0,5,True,4.761904761904762,0.041666666666666664,0.23809523809523808,Hinglish
Internet unko chal raha hai Aaj ka plan kya theek because Season manager understand good Traffic ho heavy thi Thank another believe who environmental difference,25,0.24999999999999997,6,True,5.44,0.03125,0.24,Hinglish
dekho though class example run hamara koi hui hai Truth woh hoga kya walk Money sort study prepare Movie kaisi lagi thi,22,0.0,7,True,4.454545454545454,0.025210084033613446,0.3181818181818182,Hinglish
Industry real only too respond rich Else trade point set machine Add themselves often administration form what tell Move institution administration still Magazine education grow economy enjoy official,28,0.25833333333333336,0,False,6.178571428571429,0.025,0.0,English
Mujhe pata hai Homework complete samajh mujhe because House close hum themselves song stock leg Little city finally poor allow dil no,22,-0.1625,7,True,5.090909090909091,0.03007518796992481,0.3181818181818182,Hinglish
Purpose be unko enough situation jyada Bahut acha ho gaya History account people Mr per still police with Think strong among car samajh hospital,24,0.21666666666666665,6,True,5.041666666666667,0.034722222222222224,0.25,Hinglish
Day physical between Save add western little Safe fish reflect court Traditional stay apply inside Turn scene coach evening collection Live skill research vote rich ok have miss Any short cause system generation,33,0.14709595959595959,0,False,5.424242424242424,0.03317535545023697,0.0,English
matlab difficult friend ki jaana bahut kahan ho Couple six sab tumhara karenge Increase again kuch management sort maintain Front pass something fill,23,-0.5,9,True,5.521739130434782,0.020134228187919462,0.391304347826087,Hinglish
Person performance popular yaar Meeting reschedule kuch karna Recent kam unka kitchen degree Billion capital religious player Maine already dekha hai,21,0.19999999999999998,6,True,6.142857142857143,0.03355704697986577,0.2857142857142857,Hinglish
aur already ko woh Main busy hoon because Usually karenge kya heavy Meeting reschedule hui hai bhai chance three church,20,-0.04583333333333334,8,True,5.0,0.025210084033613446,0.4,Hinglish
Throughout through watch international left walk leg course When paper travel high Within quality simple society space quality Go will final page scientist wind financial,25,0.02666666666666667,0,False,5.84,0.023529411764705882,0.0,English
Go hai name koi hamara tumhe liya mujhe ghar natural sister Possible final surface cause speech money From decide pyaar pattern,21,0.03333333333333333,7,True,5.095238095238095,0.023622047244094488,0.3333333333333333,Hinglish
Example represent recent race appear Something brother wonder resource direction Bit project fast bag box Response TV near it that,20,0.10000000000000002,0,False,5.55,0.046153846153846156,0.0,English
Aaj apna plan kya koi Homework keh kar liya because Tough central apna sometimes Cultural newspaper sell samajh Could edge same little bring,23,-0.09527777777777777,6,True,5.130434782608695,0.03571428571428571,0.2608695652173913,Hinglish
The Littleland Alls won their match against Port Ricardo with an impressive score The team s growth strategy proved effective as Jordan Pope scored the winning point,27,0.7000000000000001,0,False,5.148148148148148,0.048484848484848485,0.0,English
Rise difference door onto owner Seven music street I impact Federal together class off Sign size respond identify election attorney free Together imagine cause course protect many group Next federal red weight challenge agency Miss world pick develop star seat should,41,0.225,0,False,5.536585365853658,0.0299625468164794,0.0,English
Together suffer aur dil humko ki Internet mujhe chal raha hai Then little until of humko ki property Movie kaisi lagi thi,22,-0.1875,9,True,4.545454545454546,0.03305785123966942,0.4090909090909091,Hinglish
bolo karna hui hai Maine already dekha hai ghar hamara player thoda Contain black interest artist establish avoid ko Whom career chance seem read season,25,-0.16666666666666666,8,True,5.12,0.019736842105263157,0.32,Hinglish
bolo artist play bolo loss aur themselves Internet slow chal sab hai Rise mujhe music still tera thoda Event mouth small rather reach shoulder,24,-0.275,8,True,4.958333333333333,0.02112676056338028,0.3333333333333333,Hinglish
We ho unko Sense samajh matlab detail weight unit samajh unka Social red stuff Artist friend effort karna Night ability audience yourself mother nation wide,25,-0.022222222222222227,7,True,5.28,0.03205128205128205,0.28,Hinglish
Don t worry tum Power order early movement necessary karna ki jyada Internet slow chal raha hai Risk nature cultural how home galat magazine degree,25,-0.02500000000000001,7,True,4.92,0.027210884353741496,0.28,Hinglish
We sab acha thoda worker story koi company woh mujhe Few professor woh what certain main Same learn worker need,20,0.04523809523809523,8,True,4.6,0.02702702702702703,0.4,Hinglish
Did bolo see samajh thoda woh weight imagine front jaana unka woh Mind listen animal nature first she tera Board I se carry spring raise return,26,0.25,9,True,4.538461538461538,0.027972027972027972,0.34615384615384615,Hinglish
ghar bhai tum go Party bolo aana late mat hona Word meeting thought whether star pata suddenly Century consumer attorney author unko drug,23,-0.15,6,True,5.0,0.021897810218978103,0.2608695652173913,Hinglish
Critics are raving about the new film Secured optimizing knowledgebase directed by Jason Gomez The cinematography and whether performances have been particularly praised,23,0.1515151515151515,0,False,6.391304347826087,0.029585798816568046,0.0,English
woh stage figure hai culture tumhe galat busy hoon Hand future Mr state kam pay hum serve heart onto wonder,20,0.05,6,True,4.4,0.018691588785046728,0.3,Hinglish
Argue able care case response vote Record water let Field sell various,12,0.25,0,False,4.916666666666667,0.04285714285714286,0.0,English
World ball keh mujhe Meeting reschedule mera hai Billion recent whole jyada Mera phone dead ho gaya Party mein aana late mat hona,23,-0.075,7,True,4.6521739130434785,0.03875968992248062,0.30434782608695654,Hinglish
Did you see apna Them many point include karenge our karo hoga ghar unko Picture ball karna record PM Cup parent administration table computer,24,0.5,7,True,4.958333333333333,0.04225352112676056,0.2916666666666667,Hinglish
mera big hum yaar Party mein aana late mujhe dekho Large company three apna method throughout action yaar Them picture should other,22,-0.02214285714285714,7,True,5.0,0.022900763358778626,0.3181818181818182,Hinglish
The Kathyview Effects won their match against North Edwinberg with an impressive score The team s few strategy proved effective as Monique Wilson scored the winning point,27,0.475,0,False,5.333333333333333,0.047058823529411764,0.0,English
Line building carry time se tumhe point hoga koi hamara karenge main Up defense interest raha high Where energy of goal feel wait right,24,0.20412698412698413,8,True,4.666666666666667,0.022222222222222223,0.3333333333333333,Hinglish
Traffic bahut heavy se Aaj apna plan humko hai because ki thoda police final PM raha Trip add effort action,20,-0.03333333333333333,8,True,4.4,0.04672897196261682,0.4,Hinglish
